;municipio;codEstacao;Dia;PrecD
1;ALTO ALEGRE DO MARANHÃO;210043601A;1;9,6
2;ALTO ALEGRE DO MARANHÃO;210043601A;2;0,2
3;ALTO ALEGRE DO MARANHÃO;210043601A;3;0
4;ALTO ALEGRE DO MARANHÃO;210043601A;4;0
5;ALTO ALEGRE DO MARANHÃO;210043601A;5;11,2
6;ALTO ALEGRE DO MARANHÃO;210043601A;6;2,4
7;ALTO ALEGRE DO MARANHÃO;210043601A;7;0,2
8;ALTO ALEGRE DO MARANHÃO;210043601A;8;0,2
9;ALTO ALEGRE DO MARANHÃO;210043601A;9;0
10;ALTO ALEGRE DO MARANHÃO;210043601A;10;0
11;ALTO ALEGRE DO MARANHÃO;210043601A;11;0
12;ALTO ALEGRE DO MARANHÃO;210043601A;12;0
13;ALTO ALEGRE DO MARANHÃO;210043601A;13;0
14;ALTO ALEGRE DO MARANHÃO;210043601A;14;14,4
15;ALTO ALEGRE DO MARANHÃO;210043601A;15;10,8
16;ALTO ALEGRE DO MARANHÃO;210043601A;16;0
17;ALTO ALEGRE DO MARANHÃO;210043601A;17;25,4
18;ALTO ALEGRE DO MARANHÃO;210043601A;18;0
19;ALTO ALEGRE DO MARANHÃO;210043601A;19;0
20;ALTO ALEGRE DO MARANHÃO;210043601A;20;0
21;ALTO ALEGRE DO MARANHÃO;210043601A;21;0
22;ALTO ALEGRE DO MARANHÃO;210043601A;22;0
23;ALTO ALEGRE DO MARANHÃO;210043601A;23;0
24;ALTO ALEGRE DO MARANHÃO;210043601A;24;0
25;ALTO ALEGRE DO MARANHÃO;210043601A;25;0
26;ALTO ALEGRE DO MARANHÃO;210043601A;26;0
27;ALTO ALEGRE DO MARANHÃO;210043601A;27;0
28;ALTO ALEGRE DO MARANHÃO;210043601A;28;0
29;ALTO ALEGRE DO MARANHÃO;210043601A;29;0
30;ALTO ALEGRE DO MARANHÃO;210043601A;30;0
31;ALTO ALEGRE DO MARANHÃO;210043601A;31;0
32;ALTO ALEGRE DO PINDARÉ;210047701A;1;25,2
33;ALTO ALEGRE DO PINDARÉ;210047701A;2;0
34;ALTO ALEGRE DO PINDARÉ;210047701A;3;0
35;ALTO ALEGRE DO PINDARÉ;210047701A;4;0
36;ALTO ALEGRE DO PINDARÉ;210047701A;5;3,6
37;ALTO ALEGRE DO PINDARÉ;210047701A;6;11,6
38;ALTO ALEGRE DO PINDARÉ;210047701A;7;0
39;ALTO ALEGRE DO PINDARÉ;210047701A;8;17,6
40;ALTO ALEGRE DO PINDARÉ;210047701A;9;15
41;ALTO ALEGRE DO PINDARÉ;210047701A;10;0
42;ALTO ALEGRE DO PINDARÉ;210047701A;11;0
43;ALTO ALEGRE DO PINDARÉ;210047701A;12;0
44;ALTO ALEGRE DO PINDARÉ;210047701A;13;0
45;ALTO ALEGRE DO PINDARÉ;210047701A;14;0,2
46;ALTO ALEGRE DO PINDARÉ;210047701A;15;16,6
47;ALTO ALEGRE DO PINDARÉ;210047701A;16;5,8
48;ALTO ALEGRE DO PINDARÉ;210047701A;17;9
49;ALTO ALEGRE DO PINDARÉ;210047701A;18;0
50;ALTO ALEGRE DO PINDARÉ;210047701A;19;0
51;ALTO ALEGRE DO PINDARÉ;210047701A;20;4,4
52;ALTO ALEGRE DO PINDARÉ;210047701A;21;8,6
53;ALTO ALEGRE DO PINDARÉ;210047701A;22;0
54;ALTO ALEGRE DO PINDARÉ;210047701A;23;0,2
55;ALTO ALEGRE DO PINDARÉ;210047701A;24;0
56;ALTO ALEGRE DO PINDARÉ;210047701A;25;0
57;ALTO ALEGRE DO PINDARÉ;210047701A;26;0
58;ALTO ALEGRE DO PINDARÉ;210047701A;27;0
59;ALTO ALEGRE DO PINDARÉ;210047701A;28;0
60;ALTO ALEGRE DO PINDARÉ;210047701A;29;0
61;ALTO ALEGRE DO PINDARÉ;210047701A;30;0
62;ALTO ALEGRE DO PINDARÉ;210047701A;31;4,6
63;ALTO PARNAÍBA;210050102A;1;0
64;ALTO PARNAÍBA;210050102A;2;0,2
65;ALTO PARNAÍBA;210050102A;3;0
66;ALTO PARNAÍBA;210050102A;4;0
67;ALTO PARNAÍBA;210050102A;5;0
68;ALTO PARNAÍBA;210050102A;6;7,1
69;ALTO PARNAÍBA;210050102A;7;1,57
70;ALTO PARNAÍBA;210050102A;8;0
71;ALTO PARNAÍBA;210050102A;9;0
72;ALTO PARNAÍBA;210050102A;10;0
73;ALTO PARNAÍBA;210050102A;11;0
74;ALTO PARNAÍBA;210050102A;12;0
75;ALTO PARNAÍBA;210050102A;13;0
76;ALTO PARNAÍBA;210050102A;14;0
77;ALTO PARNAÍBA;210050102A;15;0
78;ALTO PARNAÍBA;210050102A;16;0
79;ALTO PARNAÍBA;210050102A;17;0
80;ALTO PARNAÍBA;210050102A;18;0
81;ALTO PARNAÍBA;210050102A;19;0
82;ALTO PARNAÍBA;210050102A;20;0
83;ALTO PARNAÍBA;210050102A;21;0
84;ALTO PARNAÍBA;210050102A;22;0
85;ALTO PARNAÍBA;210050102A;23;0
86;ALTO PARNAÍBA;210050102A;24;0
87;ALTO PARNAÍBA;210050102A;25;0
88;ALTO PARNAÍBA;210050102A;26;0
89;ALTO PARNAÍBA;210050102A;27;0
90;ALTO PARNAÍBA;210050102A;28;0
91;ALTO PARNAÍBA;210050102A;29;0
92;ALTO PARNAÍBA;210050102A;30;0
93;ALTO PARNAÍBA;210050102A;31;0
94;APICUM-AÇU;210083201A;1;48,2
95;APICUM-AÇU;210083201A;2;0,2
96;APICUM-AÇU;210083201A;3;11,6
97;APICUM-AÇU;210083201A;4;5,4
98;APICUM-AÇU;210083201A;5;8
99;APICUM-AÇU;210083201A;6;3,4
100;APICUM-AÇU;210083201A;7;0,2
101;APICUM-AÇU;210083201A;8;0
102;APICUM-AÇU;210083201A;9;1
103;APICUM-AÇU;210083201A;10;20,4
104;APICUM-AÇU;210083201A;11;22,2
105;APICUM-AÇU;210083201A;12;16,8
106;APICUM-AÇU;210083201A;13;13,4
107;APICUM-AÇU;210083201A;14;5,8
108;APICUM-AÇU;210083201A;15;27,4
109;APICUM-AÇU;210083201A;16;4,2
110;APICUM-AÇU;210083201A;17;56,6
111;APICUM-AÇU;210083201A;18;0
112;APICUM-AÇU;210083201A;19;0
113;APICUM-AÇU;210083201A;20;1,6
114;APICUM-AÇU;210083201A;21;0
115;APICUM-AÇU;210083201A;22;0
116;APICUM-AÇU;210083201A;23;0
117;APICUM-AÇU;210083201A;24;0
118;APICUM-AÇU;210083201A;25;0
119;APICUM-AÇU;210083201A;26;0
120;APICUM-AÇU;210083201A;27;0
121;APICUM-AÇU;210083201A;28;0
122;APICUM-AÇU;210083201A;29;10,8
123;APICUM-AÇU;210083201A;30;0,8
124;APICUM-AÇU;210083201A;31;0
125;ARAIOSES;210090701A;1;25
126;ARAIOSES;210090701A;2;1,2
127;ARAIOSES;210090701A;3;39,6
128;ARAIOSES;210090701A;4;18,6
129;ARAIOSES;210090701A;5;0,2
130;ARAIOSES;210090701A;6;9,2
131;ARAIOSES;210090701A;7;45,8
132;ARAIOSES;210090701A;8;18
133;ARAIOSES;210090701A;9;45,2
134;ARAIOSES;210090701A;10;13
135;ARAIOSES;210090701A;11;12,6
136;ARAIOSES;210090701A;12;0,4
137;ARAIOSES;210090701A;13;1
138;ARAIOSES;210090701A;14;35
139;ARAIOSES;210090701A;15;9,8
140;ARAIOSES;210090701A;16;2
141;ARAIOSES;210090701A;17;0
142;ARAIOSES;210090701A;18;0
143;ARAIOSES;210090701A;19;0,6
144;ARAIOSES;210090701A;20;0
145;ARAIOSES;210090701A;21;0
146;ARAIOSES;210090701A;22;0
147;ARAIOSES;210090701A;23;0
148;ARAIOSES;210090701A;24;0
149;ARAIOSES;210090701A;25;0
150;ARAIOSES;210090701A;26;0
151;ARAIOSES;210090701A;27;0
152;ARAIOSES;210090701A;28;0
153;ARAIOSES;210090701A;29;0,2
154;ARAIOSES;210090701A;30;0,8
155;ARAIOSES;210090701A;31;0
156;ARAME;210095601A;1;0
157;ARAME;210095601A;2;0
158;ARAME;210095601A;3;0
159;ARAME;210095601A;4;0
160;ARAME;210095601A;5;16,8
161;ARAME;210095601A;6;0,8
162;ARAME;210095601A;7;0
163;ARAME;210095601A;8;0
164;ARAME;210095601A;9;0
165;ARAME;210095601A;10;0
166;ARAME;210095601A;11;0
167;ARAME;210095601A;12;0
168;ARAME;210095601A;13;0
169;ARAME;210095601A;14;0,2
170;ARAME;210095601A;15;1
171;ARAME;210095601A;16;0
172;ARAME;210095601A;17;0
173;ARAME;210095601A;18;0
174;ARAME;210095601A;19;0
175;ARAME;210095601A;20;0
176;ARAME;210095601A;21;1,4
177;ARAME;210095601A;22;0
178;ARAME;210095601A;23;0
179;ARAME;210095601A;24;0
180;ARAME;210095601A;25;0
181;ARAME;210095601A;26;0
182;ARAME;210095601A;27;0
183;ARAME;210095601A;28;0
184;ARAME;210095601A;29;0
185;ARAME;210095601A;30;0
186;ARAME;210095601A;31;0
187;ARARI;210100401A;1;114,6
188;ARARI;210100401A;2;0,2
189;ARARI;210100401A;3;0,8
190;ARARI;210100401A;4;6
191;ARARI;210100401A;5;2,6
192;ARARI;210100401A;6;20,6
193;ARARI;210100401A;7;33
194;ARARI;210100401A;8;5
195;ARARI;210100401A;9;0,2
196;ARARI;210100401A;10;0
197;ARARI;210100401A;11;0
198;ARARI;210100401A;12;0
199;ARARI;210100401A;13;0
200;ARARI;210100401A;14;6,8
201;ARARI;210100401A;15;14,6
202;ARARI;210100401A;16;0
203;ARARI;210100401A;17;0
204;ARARI;210100401A;18;18,2
205;ARARI;210100401A;19;10
206;ARARI;210100401A;20;0,2
207;ARARI;210100401A;21;0
208;ARARI;210100401A;22;0
209;ARARI;210100401A;23;0
210;ARARI;210100401A;24;0
211;ARARI;210100401A;25;0
212;ARARI;210100401A;26;0
213;ARARI;210100401A;27;0
214;ARARI;210100401A;28;0
215;ARARI;210100401A;29;0
216;ARARI;210100401A;30;0
217;ARARI;210100401A;31;0
218;BACURI;210130101A;1;18,4
219;BACURI;210130101A;2;22,4
220;BACURI;210130101A;3;0,8
221;BACURI;210130101A;4;2,6
222;BACURI;210130101A;5;10,2
223;BACURI;210130101A;6;8
224;BACURI;210130101A;7;14,2
225;BACURI;210130101A;8;0
226;BACURI;210130101A;9;0,2
227;BACURI;210130101A;10;8,2
228;BACURI;210130101A;11;22,6
229;BACURI;210130101A;12;9,6
230;BACURI;210130101A;13;28,4
231;BACURI;210130101A;14;4,6
232;BACURI;210130101A;15;28,6
233;BACURI;210130101A;16;0,4
234;BACURI;210130101A;17;15
235;BACURI;210130101A;18;2,2
236;BACURI;210130101A;19;0
237;BACURI;210130101A;20;12,6
238;BACURI;210130101A;21;0,6
239;BACURI;210130101A;22;0
240;BACURI;210130101A;23;3,6
241;BACURI;210130101A;24;1,8
242;BACURI;210130101A;25;0,6
243;BACURI;210130101A;26;0,2
244;BACURI;210130101A;27;0
245;BACURI;210130101A;28;29
246;BACURI;210130101A;29;5,4
247;BACURI;210130101A;30;3
248;BACURI;210130101A;31;13,4
249;BALSAS;210140001A;1;14,2
250;BALSAS;210140001A;2;0
251;BALSAS;210140001A;3;0
252;BALSAS;210140001A;4;0
253;BALSAS;210140001A;5;0
254;BALSAS;210140001A;6;0
255;BALSAS;210140001A;7;0
256;BALSAS;210140001A;8;0
257;BALSAS;210140001A;9;0
258;BALSAS;210140001A;10;0
259;BALSAS;210140001A;11;0
260;BALSAS;210140001A;12;0
261;BALSAS;210140001A;13;0
262;BALSAS;210140001A;14;0
263;BALSAS;210140001A;15;3,2
264;BALSAS;210140001A;16;0
265;BALSAS;210140001A;17;0
266;BALSAS;210140001A;18;0
267;BALSAS;210140001A;19;0
268;BALSAS;210140001A;20;0
269;BALSAS;210140001A;21;0
270;BALSAS;210140001A;22;0
271;BALSAS;210140001A;23;0
272;BALSAS;210140001A;24;0
273;BALSAS;210140001A;25;0
274;BALSAS;210140001A;26;0
275;BALSAS;210140001A;27;0
276;BALSAS;210140001A;28;0
277;BALSAS;210140001A;29;0
278;BALSAS;210140001A;30;0
279;BALSAS;210140001A;31;0
280;BELA VISTA DO MARANHÃO;210177201A;1;32
281;BELA VISTA DO MARANHÃO;210177201A;2;0
282;BELA VISTA DO MARANHÃO;210177201A;3;1,6
283;BELA VISTA DO MARANHÃO;210177201A;4;0,2
284;BELA VISTA DO MARANHÃO;210177201A;5;1,6
285;BELA VISTA DO MARANHÃO;210177201A;6;17,2
286;BELA VISTA DO MARANHÃO;210177201A;7;0
287;BELA VISTA DO MARANHÃO;210177201A;8;4,6
288;BELA VISTA DO MARANHÃO;210177201A;9;5
289;BELA VISTA DO MARANHÃO;210177201A;10;0
290;BELA VISTA DO MARANHÃO;210177201A;11;0
291;BELA VISTA DO MARANHÃO;210177201A;12;0
292;BELA VISTA DO MARANHÃO;210177201A;13;0
293;BELA VISTA DO MARANHÃO;210177201A;14;0
294;BELA VISTA DO MARANHÃO;210177201A;15;66,6
295;BELA VISTA DO MARANHÃO;210177201A;16;0,2
296;BELA VISTA DO MARANHÃO;210177201A;17;1,4
297;BELA VISTA DO MARANHÃO;210177201A;18;0
298;BELA VISTA DO MARANHÃO;210177201A;19;0
299;BELA VISTA DO MARANHÃO;210177201A;20;22,4
300;BELA VISTA DO MARANHÃO;210177201A;21;0,2
301;BELA VISTA DO MARANHÃO;210177201A;22;0
302;BELA VISTA DO MARANHÃO;210177201A;23;0
303;BELA VISTA DO MARANHÃO;210177201A;24;0
304;BELA VISTA DO MARANHÃO;210177201A;25;0
305;BELA VISTA DO MARANHÃO;210177201A;26;0
306;BELA VISTA DO MARANHÃO;210177201A;27;0
307;BELA VISTA DO MARANHÃO;210177201A;28;0
308;BELA VISTA DO MARANHÃO;210177201A;29;0
309;BELA VISTA DO MARANHÃO;210177201A;30;0,4
310;BELA VISTA DO MARANHÃO;210177201A;31;0
311;BENEDITO LEITE;210180601A;1;0
312;BENEDITO LEITE;210180601A;2;0
313;BENEDITO LEITE;210180601A;3;0,2
314;BENEDITO LEITE;210180601A;4;0
315;BENEDITO LEITE;210180601A;5;1,6
316;BENEDITO LEITE;210180601A;6;0
317;BENEDITO LEITE;210180601A;7;0,2
318;BENEDITO LEITE;210180601A;8;0,2
319;BENEDITO LEITE;210180601A;9;0
320;BENEDITO LEITE;210180601A;10;0
321;BENEDITO LEITE;210180601A;11;0
322;BENEDITO LEITE;210180601A;12;0
323;BENEDITO LEITE;210180601A;13;0
324;BENEDITO LEITE;210180601A;14;0
325;BENEDITO LEITE;210180601A;15;0
326;BENEDITO LEITE;210180601A;16;0
327;BENEDITO LEITE;210180601A;17;0
328;BENEDITO LEITE;210180601A;18;0
329;BENEDITO LEITE;210180601A;19;0
330;BENEDITO LEITE;210180601A;20;0
331;BENEDITO LEITE;210180601A;21;0
332;BENEDITO LEITE;210180601A;22;0
333;BENEDITO LEITE;210180601A;23;0
334;BENEDITO LEITE;210180601A;24;0
335;BENEDITO LEITE;210180601A;25;0
336;BENEDITO LEITE;210180601A;26;0
337;BENEDITO LEITE;210180601A;27;0
338;BENEDITO LEITE;210180601A;28;0
339;BENEDITO LEITE;210180601A;29;0
340;BENEDITO LEITE;210180601A;30;0
341;BENEDITO LEITE;210180601A;31;0
342;BREJO;210210102A;1;25,38
343;BREJO;210210102A;2;0,2
344;BREJO;210210102A;3;32,52
345;BREJO;210210102A;4;65,58
346;BREJO;210210102A;5;2,8
347;BREJO;210210102A;6;7,47
348;BREJO;210210102A;7;5,15
349;BREJO;210210102A;8;19,79
350;BREJO;210210102A;9;0,2
351;BREJO;210210102A;10;0
352;BREJO;210210102A;11;0
353;BREJO;210210102A;12;0
354;BREJO;210210102A;13;1,77
355;BREJO;210210102A;14;0,2
356;BREJO;210210102A;15;0
357;BREJO;210210102A;16;0,2
358;BREJO;210210102A;17;0
359;BREJO;210210102A;18;0
360;BREJO;210210102A;19;0
361;BREJO;210210102A;20;0
362;BREJO;210210102A;21;0,99
363;BREJO;210210102A;22;0,2
364;BREJO;210210102A;23;0
365;BREJO;210210102A;24;0
366;BREJO;210210102A;25;0
367;BREJO;210210102A;26;0
368;BREJO;210210102A;27;0
369;BREJO;210210102A;28;0
370;BREJO;210210102A;29;0
371;BREJO;210210102A;30;1,77
372;BREJO;210210102A;31;0
373;BURITI;210220001A;1;54,6
374;BURITI;210220001A;2;0
375;BURITI;210220001A;3;1,6
376;BURITI;210220001A;4;49
377;BURITI;210220001A;5;3,8
378;BURITI;210220001A;6;0,4
379;BURITI;210220001A;7;9,4
380;BURITI;210220001A;8;0
381;BURITI;210220001A;9;0,2
382;BURITI;210220001A;10;0
383;BURITI;210220001A;11;0
384;BURITI;210220001A;12;0
385;BURITI;210220001A;13;0
386;BURITI;210220001A;14;49,2
387;BURITI;210220001A;15;8,4
388;BURITI;210220001A;16;1,8
389;BURITI;210220001A;17;0,8
390;BURITI;210220001A;18;0
391;BURITI;210220001A;19;0
392;BURITI;210220001A;20;0,6
393;BURITI;210220001A;21;0
394;BURITI;210220001A;22;0
395;BURITI;210220001A;23;0
396;BURITI;210220001A;24;0
397;BURITI;210220001A;25;0
398;BURITI;210220001A;26;0
399;BURITI;210220001A;27;0
400;BURITI;210220001A;28;0
401;BURITI;210220001A;29;0
402;BURITI;210220001A;30;0
403;BURITI;210220001A;31;0
404;BURITICUPU;210232501A;1;3,4
405;BURITICUPU;210232501A;2;0,2
406;BURITICUPU;210232501A;3;0
407;BURITICUPU;210232501A;4;0
408;BURITICUPU;210232501A;5;5,6
409;BURITICUPU;210232501A;6;2,2
410;BURITICUPU;210232501A;7;1,8
411;BURITICUPU;210232501A;8;0,2
412;BURITICUPU;210232501A;9;0
413;BURITICUPU;210232501A;10;0
414;BURITICUPU;210232501A;11;0
415;BURITICUPU;210232501A;12;0
416;BURITICUPU;210232501A;13;0
417;BURITICUPU;210232501A;14;1,6
418;BURITICUPU;210232501A;15;4,4
419;BURITICUPU;210232501A;16;0,2
420;BURITICUPU;210232501A;17;8
421;BURITICUPU;210232501A;18;2,2
422;BURITICUPU;210232501A;19;0,2
423;BURITICUPU;210232501A;20;0
424;BURITICUPU;210232501A;21;0
425;BURITICUPU;210232501A;22;0
426;BURITICUPU;210232501A;23;0
427;BURITICUPU;210232501A;24;0
428;BURITICUPU;210232501A;25;0
429;BURITICUPU;210232501A;26;0
430;BURITICUPU;210232501A;27;0
431;BURITICUPU;210232501A;28;0
432;BURITICUPU;210232501A;29;4,6
433;BURITICUPU;210232501A;30;0,2
434;BURITICUPU;210232501A;31;0
435;CAJARI;210250701A;1;58,6
436;CAJARI;210250701A;2;0,2
437;CAJARI;210250701A;3;0
438;CAJARI;210250701A;4;0
439;CAJARI;210250701A;5;34,2
440;CAJARI;210250701A;6;48,6
441;CAJARI;210250701A;7;21,6
442;CAJARI;210250701A;8;12,8
443;CAJARI;210250701A;9;4,6
444;CAJARI;210250701A;10;0
445;CAJARI;210250701A;11;0
446;CAJARI;210250701A;12;0
447;CAJARI;210250701A;13;0
448;CAJARI;210250701A;14;6
449;CAJARI;210250701A;15;29,4
450;CAJARI;210250701A;16;7,4
451;CAJARI;210250701A;17;2,4
452;CAJARI;210250701A;18;0
453;CAJARI;210250701A;19;11,2
454;CAJARI;210250701A;20;1,2
455;CAJARI;210250701A;21;0
456;CAJARI;210250701A;22;0
457;CAJARI;210250701A;23;0
458;CAJARI;210250701A;24;0
459;CAJARI;210250701A;25;0
460;CAJARI;210250701A;26;0
461;CAJARI;210250701A;27;0
462;CAJARI;210250701A;28;0
463;CAJARI;210250701A;29;0
464;CAJARI;210250701A;30;3
465;CAJARI;210250701A;31;0
466;CANTANHEDE;210270501A;1;39,4
467;CANTANHEDE;210270501A;2;0,2
468;CANTANHEDE;210270501A;3;1
469;CANTANHEDE;210270501A;4;24,6
470;CANTANHEDE;210270501A;5;1,6
471;CANTANHEDE;210270501A;6;10
472;CANTANHEDE;210270501A;7;7,8
473;CANTANHEDE;210270501A;8;28,2
474;CANTANHEDE;210270501A;9;0
475;CANTANHEDE;210270501A;10;0
476;CANTANHEDE;210270501A;11;0
477;CANTANHEDE;210270501A;12;0
478;CANTANHEDE;210270501A;13;0
479;CANTANHEDE;210270501A;14;8,4
480;CANTANHEDE;210270501A;15;44
481;CANTANHEDE;210270501A;16;0
482;CANTANHEDE;210270501A;17;7,8
483;CANTANHEDE;210270501A;18;1,2
484;CANTANHEDE;210270501A;19;11,8
485;CANTANHEDE;210270501A;20;11,8
486;CANTANHEDE;210270501A;21;0
487;CANTANHEDE;210270501A;22;0
488;CANTANHEDE;210270501A;23;0
489;CANTANHEDE;210270501A;24;0
490;CANTANHEDE;210270501A;25;0
491;CANTANHEDE;210270501A;26;0
492;CANTANHEDE;210270501A;27;0
493;CANTANHEDE;210270501A;28;0
494;CANTANHEDE;210270501A;29;0
495;CANTANHEDE;210270501A;30;0
496;CANTANHEDE;210270501A;31;0
497;CAXIAS;210300001A;1;0,2
498;CAXIAS;210300001A;2;0
499;CAXIAS;210300001A;3;17,2
500;CAXIAS;210300001A;4;1,2
501;CAXIAS;210300001A;5;18,6
502;CAXIAS;210300001A;6;2,8
503;CAXIAS;210300001A;7;0,2
504;CAXIAS;210300001A;8;0
505;CAXIAS;210300001A;9;5,2
506;CAXIAS;210300001A;10;0
507;CAXIAS;210300001A;11;0
508;CAXIAS;210300001A;12;0
509;CAXIAS;210300001A;13;0
510;CAXIAS;210300001A;14;21
511;CAXIAS;210300001A;15;0,8
512;CAXIAS;210300001A;16;0
513;CAXIAS;210300001A;17;1,2
514;CAXIAS;210300001A;18;0
515;CAXIAS;210300001A;19;0
516;CAXIAS;210300001A;20;4
517;CAXIAS;210300001A;21;0
518;CAXIAS;210300001A;22;0
519;CAXIAS;210300001A;23;0
520;CAXIAS;210300001A;24;0
521;CAXIAS;210300001A;25;0
522;CAXIAS;210300001A;26;0
523;CAXIAS;210300001A;27;0
524;CAXIAS;210300001A;28;0
525;CAXIAS;210300001A;29;0
526;CAXIAS;210300001A;30;0
527;CAXIAS;210300001A;31;0
528;CAXIAS;210300002A;1;0
529;CAXIAS;210300002A;2;0
530;CAXIAS;210300002A;3;10
531;CAXIAS;210300002A;4;0,8
532;CAXIAS;210300002A;5;6,2
533;CAXIAS;210300002A;6;3
534;CAXIAS;210300002A;7;6,2
535;CAXIAS;210300002A;8;0
536;CAXIAS;210300002A;9;16,6
537;CAXIAS;210300002A;10;0
538;CAXIAS;210300002A;11;0
539;CAXIAS;210300002A;12;0
540;CAXIAS;210300002A;13;0
541;CAXIAS;210300002A;14;37,6
542;CAXIAS;210300002A;15;4,4
543;CAXIAS;210300002A;16;0
544;CAXIAS;210300002A;17;6,6
545;CAXIAS;210300002A;18;2,6
546;CAXIAS;210300002A;19;0
547;CAXIAS;210300002A;20;0
548;CAXIAS;210300002A;21;0
549;CAXIAS;210300002A;22;0
550;CAXIAS;210300002A;23;0
551;CAXIAS;210300002A;24;0
552;CAXIAS;210300002A;25;0
553;CAXIAS;210300002A;26;0
554;CAXIAS;210300002A;27;0
555;CAXIAS;210300002A;28;0
556;CAXIAS;210300002A;29;0
557;CAXIAS;210300002A;30;0
558;CAXIAS;210300002A;31;0
559;CAXIAS;210300003A;1;0
560;CAXIAS;210300003A;2;0
561;CAXIAS;210300003A;3;3,6
562;CAXIAS;210300003A;4;0,2
563;CAXIAS;210300003A;5;2,2
564;CAXIAS;210300003A;6;1,2
565;CAXIAS;210300003A;7;0,2
566;CAXIAS;210300003A;8;1,2
567;CAXIAS;210300003A;9;25,2
568;CAXIAS;210300003A;10;0
569;CAXIAS;210300003A;11;0
570;CAXIAS;210300003A;12;0
571;CAXIAS;210300003A;13;0
572;CAXIAS;210300003A;14;38,6
573;CAXIAS;210300003A;15;6,6
574;CAXIAS;210300003A;16;0
575;CAXIAS;210300003A;17;1,2
576;CAXIAS;210300003A;18;0
577;CAXIAS;210300003A;19;0
578;CAXIAS;210300003A;20;0
579;CAXIAS;210300003A;21;0
580;CAXIAS;210300003A;22;0
581;CAXIAS;210300003A;23;0
582;CAXIAS;210300003A;24;0
583;CAXIAS;210300003A;25;0
584;CAXIAS;210300003A;26;0
585;CAXIAS;210300003A;27;0
586;CAXIAS;210300003A;28;0
587;CAXIAS;210300003A;29;0
588;CAXIAS;210300003A;30;0
589;CAXIAS;210300003A;31;0
590;CENTRO DO GUILHERME;210315801A;1;0,4
591;CENTRO DO GUILHERME;210315801A;2;0,2
592;CENTRO DO GUILHERME;210315801A;3;0,2
593;CENTRO DO GUILHERME;210315801A;4;0,4
594;CENTRO DO GUILHERME;210315801A;5;0,2
595;CENTRO DO GUILHERME;210315801A;6;0,4
596;CENTRO DO GUILHERME;210315801A;7;0,2
597;CENTRO DO GUILHERME;210315801A;8;0,4
598;CENTRO DO GUILHERME;210315801A;9;0,2
599;CENTRO DO GUILHERME;210315801A;10;0,2
600;CENTRO DO GUILHERME;210315801A;11;0,2
601;CENTRO DO GUILHERME;210315801A;12;0,2
602;CENTRO DO GUILHERME;210315801A;13;0,2
603;CENTRO DO GUILHERME;210315801A;14;0,2
604;CENTRO DO GUILHERME;210315801A;15;0,2
605;CENTRO DO GUILHERME;210315801A;16;0,2
606;CENTRO DO GUILHERME;210315801A;17;0,2
607;CENTRO DO GUILHERME;210315801A;18;0,2
608;CENTRO DO GUILHERME;210315801A;19;0,2
609;CENTRO DO GUILHERME;210315801A;20;0,2
610;CENTRO DO GUILHERME;210315801A;21;0,2
611;CENTRO DO GUILHERME;210315801A;22;0
612;CENTRO DO GUILHERME;210315801A;23;0,2
613;CENTRO DO GUILHERME;210315801A;24;0,2
614;CENTRO DO GUILHERME;210315801A;25;0
615;CENTRO DO GUILHERME;210315801A;26;0,2
616;CENTRO DO GUILHERME;210315801A;27;0
617;CENTRO DO GUILHERME;210315801A;28;0
618;CENTRO DO GUILHERME;210315801A;29;0
619;CENTRO DO GUILHERME;210315801A;30;4,6
620;CENTRO DO GUILHERME;210315801A;31;25,8
621;CHAPADINHA;210320801A;1;49,4
622;CHAPADINHA;210320801A;2;0
623;CHAPADINHA;210320801A;3;4,6
624;CHAPADINHA;210320801A;4;110,8
625;CHAPADINHA;210320801A;5;16
626;CHAPADINHA;210320801A;6;0
627;CHAPADINHA;210320801A;7;17,8
628;CHAPADINHA;210320801A;8;1,6
629;CHAPADINHA;210320801A;9;0,2
630;CHAPADINHA;210320801A;10;0
631;CHAPADINHA;210320801A;11;0
632;CHAPADINHA;210320801A;12;0
633;CHAPADINHA;210320801A;13;0
634;CHAPADINHA;210320801A;14;37,8
635;CHAPADINHA;210320801A;15;15,8
636;CHAPADINHA;210320801A;16;0,6
637;CHAPADINHA;210320801A;17;0
638;CHAPADINHA;210320801A;18;0
639;CHAPADINHA;210320801A;19;0
640;CHAPADINHA;210320801A;20;0
641;CHAPADINHA;210320801A;21;0
642;CHAPADINHA;210320801A;22;0
643;CHAPADINHA;210320801A;23;0
644;CHAPADINHA;210320801A;24;0
645;CHAPADINHA;210320801A;25;0
646;CHAPADINHA;210320801A;26;0
647;CHAPADINHA;210320801A;27;0
648;CHAPADINHA;210320801A;28;0
649;CHAPADINHA;210320801A;29;0
650;CHAPADINHA;210320801A;30;0
651;CHAPADINHA;210320801A;31;0
652;CHAPADINHA;210320802A;1;58,79
653;CHAPADINHA;210320802A;2;0,2
654;CHAPADINHA;210320802A;3;0
655;CHAPADINHA;210320802A;4;91,84
656;CHAPADINHA;210320802A;5;5,73
657;CHAPADINHA;210320802A;6;0,79
658;CHAPADINHA;210320802A;7;13,41
659;CHAPADINHA;210320802A;8;2,59
660;CHAPADINHA;210320802A;9;4,78
661;CHAPADINHA;210320802A;10;0
662;CHAPADINHA;210320802A;11;0
663;CHAPADINHA;210320802A;12;0
664;CHAPADINHA;210320802A;13;0
665;CHAPADINHA;210320802A;14;53,92
666;CHAPADINHA;210320802A;15;20,27
667;CHAPADINHA;210320802A;16;5,17
668;CHAPADINHA;210320802A;17;0
669;CHAPADINHA;210320802A;18;0
670;CHAPADINHA;210320802A;19;0
671;CHAPADINHA;210320802A;20;0
672;CHAPADINHA;210320802A;21;0
673;CHAPADINHA;210320802A;22;0
674;CHAPADINHA;210320802A;23;0
675;CHAPADINHA;210320802A;24;0
676;CHAPADINHA;210320802A;25;0
677;CHAPADINHA;210320802A;26;0
678;CHAPADINHA;210320802A;27;0
679;CHAPADINHA;210320802A;28;0
680;CHAPADINHA;210320802A;29;0
681;CHAPADINHA;210320802A;30;0
682;CHAPADINHA;210320802A;31;0
683;CODÓ;210330701A;1;1,4
684;CODÓ;210330701A;2;0
685;CODÓ;210330701A;3;0,4
686;CODÓ;210330701A;4;8,4
687;CODÓ;210330701A;5;1,8
688;CODÓ;210330701A;6;0
689;CODÓ;210330701A;7;12,4
690;CODÓ;210330701A;8;0
691;CODÓ;210330701A;9;2,6
692;CODÓ;210330701A;10;0
693;CODÓ;210330701A;11;0
694;CODÓ;210330701A;12;0
695;CODÓ;210330701A;13;0
696;CODÓ;210330701A;14;54
697;CODÓ;210330701A;15;5
698;CODÓ;210330701A;16;0
699;CODÓ;210330701A;17;0
700;CODÓ;210330701A;18;0
701;CODÓ;210330701A;19;0
702;CODÓ;210330701A;20;0
703;CODÓ;210330701A;21;0
704;CODÓ;210330701A;22;0
705;CODÓ;210330701A;23;0
706;CODÓ;210330701A;24;0
707;CODÓ;210330701A;25;0
708;CODÓ;210330701A;26;0
709;CODÓ;210330701A;27;0
710;CODÓ;210330701A;28;0
711;CODÓ;210330701A;29;0
712;CODÓ;210330701A;30;0
713;CODÓ;210330701A;31;0
714;CODÓ;210330702A;1;4
715;CODÓ;210330702A;2;0,2
716;CODÓ;210330702A;3;0
717;CODÓ;210330702A;4;22,6
718;CODÓ;210330702A;5;2
719;CODÓ;210330702A;6;0
720;CODÓ;210330702A;7;3,2
721;CODÓ;210330702A;8;0,4
722;CODÓ;210330702A;9;0
723;CODÓ;210330702A;10;0
724;CODÓ;210330702A;11;0
725;CODÓ;210330702A;12;0
726;CODÓ;210330702A;13;0
727;CODÓ;210330702A;14;44,2
728;CODÓ;210330702A;15;3,8
729;CODÓ;210330702A;16;0
730;CODÓ;210330702A;17;0
731;CODÓ;210330702A;18;0
732;CODÓ;210330702A;19;0
733;CODÓ;210330702A;20;0
734;CODÓ;210330702A;21;0
735;CODÓ;210330702A;22;0
736;CODÓ;210330702A;23;0
737;CODÓ;210330702A;24;0
738;CODÓ;210330702A;25;0
739;CODÓ;210330702A;26;0
740;CODÓ;210330702A;27;0
741;CODÓ;210330702A;28;0
742;CODÓ;210330702A;29;0
743;CODÓ;210330702A;30;0
744;CODÓ;210330702A;31;0
745;COELHO NETO;210340601A;1;0,8
746;COELHO NETO;210340601A;2;0
747;COELHO NETO;210340601A;3;0,2
748;COELHO NETO;210340601A;4;26,4
749;COELHO NETO;210340601A;5;3,2
750;COELHO NETO;210340601A;6;20,2
751;COELHO NETO;210340601A;7;7,6
752;COELHO NETO;210340601A;8;0,6
753;COELHO NETO;210340601A;9;3,6
754;COELHO NETO;210340601A;10;0
755;COELHO NETO;210340601A;11;0
756;COELHO NETO;210340601A;12;0
757;COELHO NETO;210340601A;13;0
758;COELHO NETO;210340601A;14;7,6
759;COELHO NETO;210340601A;15;24,6
760;COELHO NETO;210340601A;16;0
761;COELHO NETO;210340601A;17;0,2
762;COELHO NETO;210340601A;18;4,6
763;COELHO NETO;210340601A;19;0
764;COELHO NETO;210340601A;20;0
765;COELHO NETO;210340601A;21;0
766;COELHO NETO;210340601A;22;0
767;COELHO NETO;210340601A;23;0
768;COELHO NETO;210340601A;24;0
769;COELHO NETO;210340601A;25;0
770;COELHO NETO;210340601A;26;0
771;COELHO NETO;210340601A;27;0
772;COELHO NETO;210340601A;28;0
773;COELHO NETO;210340601A;29;0
774;COELHO NETO;210340601A;30;0
775;COELHO NETO;210340601A;31;0
776;COELHO NETO;210340602A;1;0
777;COELHO NETO;210340602A;2;0
778;COELHO NETO;210340602A;3;1,6
779;COELHO NETO;210340602A;4;27,2
780;COELHO NETO;210340602A;5;1
781;COELHO NETO;210340602A;6;20,8
782;COELHO NETO;210340602A;7;9,8
783;COELHO NETO;210340602A;8;0,2
784;COELHO NETO;210340602A;9;3
785;COELHO NETO;210340602A;10;0
786;COELHO NETO;210340602A;11;0
787;COELHO NETO;210340602A;12;0
788;COELHO NETO;210340602A;13;0
789;COELHO NETO;210340602A;14;5,8
790;COELHO NETO;210340602A;15;23,2
791;COELHO NETO;210340602A;16;0
792;COELHO NETO;210340602A;17;0,4
793;COELHO NETO;210340602A;18;8,4
794;COELHO NETO;210340602A;19;0
795;COELHO NETO;210340602A;20;0
796;COELHO NETO;210340602A;21;0
797;COELHO NETO;210340602A;22;0
798;COELHO NETO;210340602A;23;0
799;COELHO NETO;210340602A;24;0
800;COELHO NETO;210340602A;25;0
801;COELHO NETO;210340602A;26;0
802;COELHO NETO;210340602A;27;0
803;COELHO NETO;210340602A;28;0
804;COELHO NETO;210340602A;29;0
805;COELHO NETO;210340602A;30;0
806;COELHO NETO;210340602A;31;0
807;COLINAS;210350501A;1;0
808;COLINAS;210350501A;2;0
809;COLINAS;210350501A;3;0
810;COLINAS;210350501A;4;0
811;COLINAS;210350501A;5;4
812;COLINAS;210350501A;6;1,6
813;COLINAS;210350501A;7;0
814;COLINAS;210350501A;8;2
815;COLINAS;210350501A;9;0
816;COLINAS;210350501A;10;0
817;COLINAS;210350501A;11;0
818;COLINAS;210350501A;12;0
819;COLINAS;210350501A;13;0
820;COLINAS;210350501A;14;0
821;COLINAS;210350501A;15;0
822;COLINAS;210350501A;16;0
823;COLINAS;210350501A;17;0
824;COLINAS;210350501A;18;0
825;COLINAS;210350501A;19;0
826;COLINAS;210350501A;20;0
827;COLINAS;210350501A;21;0
828;COLINAS;210350501A;22;0
829;COLINAS;210350501A;23;4
830;COLINAS;210350501A;24;0
831;COLINAS;210350501A;25;0
832;COLINAS;210350501A;26;0
833;COLINAS;210350501A;27;0
834;COLINAS;210350501A;28;0
835;COLINAS;210350501A;29;0
836;COLINAS;210350501A;30;0
837;COLINAS;210350501A;31;0
838;COROATÁ;210360401A;1;35
839;COROATÁ;210360401A;2;0,2
840;COROATÁ;210360401A;3;0
841;COROATÁ;210360401A;4;3,4
842;COROATÁ;210360401A;5;8
843;COROATÁ;210360401A;6;3,6
844;COROATÁ;210360401A;7;1
845;COROATÁ;210360401A;8;0
846;COROATÁ;210360401A;9;0
847;COROATÁ;210360401A;10;0
848;COROATÁ;210360401A;11;0
849;COROATÁ;210360401A;12;0
850;COROATÁ;210360401A;13;0
851;COROATÁ;210360401A;14;22,4
852;COROATÁ;210360401A;15;10
853;COROATÁ;210360401A;16;0
854;COROATÁ;210360401A;17;0
855;COROATÁ;210360401A;18;0
856;COROATÁ;210360401A;19;0
857;COROATÁ;210360401A;20;0
858;COROATÁ;210360401A;21;0
859;COROATÁ;210360401A;22;0
860;COROATÁ;210360401A;23;0
861;COROATÁ;210360401A;24;0
862;COROATÁ;210360401A;25;0
863;COROATÁ;210360401A;26;0
864;COROATÁ;210360401A;27;0
865;COROATÁ;210360401A;28;0
866;COROATÁ;210360401A;29;0
867;COROATÁ;210360401A;30;0
868;COROATÁ;210360401A;31;0
869;DUQUE BACELAR;210390101A;1;15,2
870;DUQUE BACELAR;210390101A;2;0
871;DUQUE BACELAR;210390101A;3;4,6
872;DUQUE BACELAR;210390101A;4;42,6
873;DUQUE BACELAR;210390101A;5;1,6
874;DUQUE BACELAR;210390101A;6;10,4
875;DUQUE BACELAR;210390101A;7;10,4
876;DUQUE BACELAR;210390101A;8;7,6
877;DUQUE BACELAR;210390101A;9;17,4
878;DUQUE BACELAR;210390101A;10;0
879;DUQUE BACELAR;210390101A;11;0
880;DUQUE BACELAR;210390101A;12;0
881;DUQUE BACELAR;210390101A;13;0
882;DUQUE BACELAR;210390101A;14;20,4
883;DUQUE BACELAR;210390101A;15;12,2
884;DUQUE BACELAR;210390101A;16;5,2
885;DUQUE BACELAR;210390101A;17;14
886;DUQUE BACELAR;210390101A;18;3,8
887;DUQUE BACELAR;210390101A;19;0
888;DUQUE BACELAR;210390101A;20;0,4
889;DUQUE BACELAR;210390101A;21;0
890;DUQUE BACELAR;210390101A;22;0
891;DUQUE BACELAR;210390101A;23;0
892;DUQUE BACELAR;210390101A;24;0
893;DUQUE BACELAR;210390101A;25;0
894;DUQUE BACELAR;210390101A;26;0
895;DUQUE BACELAR;210390101A;27;0
896;DUQUE BACELAR;210390101A;28;0
897;DUQUE BACELAR;210390101A;29;0
898;DUQUE BACELAR;210390101A;30;0
899;DUQUE BACELAR;210390101A;31;0
900;FORTALEZA DOS NOGUEIRAS;210410701A;1;0
901;FORTALEZA DOS NOGUEIRAS;210410701A;2;0
902;FORTALEZA DOS NOGUEIRAS;210410701A;3;0
903;FORTALEZA DOS NOGUEIRAS;210410701A;4;0
904;FORTALEZA DOS NOGUEIRAS;210410701A;5;0
905;FORTALEZA DOS NOGUEIRAS;210410701A;6;0,2
906;FORTALEZA DOS NOGUEIRAS;210410701A;7;1,4
907;FORTALEZA DOS NOGUEIRAS;210410701A;8;0
908;FORTALEZA DOS NOGUEIRAS;210410701A;9;0
909;FORTALEZA DOS NOGUEIRAS;210410701A;10;0
910;FORTALEZA DOS NOGUEIRAS;210410701A;11;0
911;FORTALEZA DOS NOGUEIRAS;210410701A;12;0
912;FORTALEZA DOS NOGUEIRAS;210410701A;13;0
913;FORTALEZA DOS NOGUEIRAS;210410701A;14;0
914;FORTALEZA DOS NOGUEIRAS;210410701A;15;0
915;FORTALEZA DOS NOGUEIRAS;210410701A;16;0
916;FORTALEZA DOS NOGUEIRAS;210410701A;17;0
917;FORTALEZA DOS NOGUEIRAS;210410701A;18;0
918;FORTALEZA DOS NOGUEIRAS;210410701A;19;0
919;FORTALEZA DOS NOGUEIRAS;210410701A;20;0
920;FORTALEZA DOS NOGUEIRAS;210410701A;21;0
921;FORTALEZA DOS NOGUEIRAS;210410701A;22;0
922;FORTALEZA DOS NOGUEIRAS;210410701A;23;0
923;FORTALEZA DOS NOGUEIRAS;210410701A;24;0
924;FORTALEZA DOS NOGUEIRAS;210410701A;25;0
925;FORTALEZA DOS NOGUEIRAS;210410701A;26;0
926;FORTALEZA DOS NOGUEIRAS;210410701A;27;0
927;FORTALEZA DOS NOGUEIRAS;210410701A;28;0
928;FORTALEZA DOS NOGUEIRAS;210410701A;29;0
929;FORTALEZA DOS NOGUEIRAS;210410701A;30;0
930;FORTALEZA DOS NOGUEIRAS;210410701A;31;0
931;FORTUNA;210420601A;1;0
932;FORTUNA;210420601A;2;0
933;FORTUNA;210420601A;3;0
934;FORTUNA;210420601A;4;0
935;FORTUNA;210420601A;5;2,8
936;FORTUNA;210420601A;6;6
937;FORTUNA;210420601A;7;0
938;FORTUNA;210420601A;8;0,2
939;FORTUNA;210420601A;9;0
940;FORTUNA;210420601A;10;0
941;FORTUNA;210420601A;11;0
942;FORTUNA;210420601A;12;0
943;FORTUNA;210420601A;13;0
944;FORTUNA;210420601A;14;0,4
945;FORTUNA;210420601A;15;0,8
946;FORTUNA;210420601A;16;0
947;FORTUNA;210420601A;17;0
948;FORTUNA;210420601A;18;0
949;FORTUNA;210420601A;19;0
950;FORTUNA;210420601A;20;0
951;FORTUNA;210420601A;21;0
952;FORTUNA;210420601A;22;0
953;FORTUNA;210420601A;23;0
954;FORTUNA;210420601A;24;0
955;FORTUNA;210420601A;25;0
956;FORTUNA;210420601A;26;0
957;FORTUNA;210420601A;27;0
958;FORTUNA;210420601A;28;0
959;FORTUNA;210420601A;29;0
960;FORTUNA;210420601A;30;0
961;FORTUNA;210420601A;31;0
962;GRAJAÚ;210480001A;1;0,2
963;GRAJAÚ;210480001A;2;0
964;GRAJAÚ;210480001A;3;0
965;GRAJAÚ;210480001A;4;0
966;GRAJAÚ;210480001A;5;0,2
967;GRAJAÚ;210480001A;6;0,6
968;GRAJAÚ;210480001A;7;1
969;GRAJAÚ;210480001A;8;0
970;GRAJAÚ;210480001A;9;0
971;GRAJAÚ;210480001A;10;0
972;GRAJAÚ;210480001A;11;0
973;GRAJAÚ;210480001A;12;0
974;GRAJAÚ;210480001A;13;0
975;GRAJAÚ;210480001A;14;0
976;GRAJAÚ;210480001A;15;0
977;GRAJAÚ;210480001A;16;0,2
978;GRAJAÚ;210480001A;17;0
979;GRAJAÚ;210480001A;18;0
980;GRAJAÚ;210480001A;19;0
981;GRAJAÚ;210480001A;20;0
982;GRAJAÚ;210480001A;21;0
983;GRAJAÚ;210480001A;22;0
984;GRAJAÚ;210480001A;23;0
985;GRAJAÚ;210480001A;24;0
986;GRAJAÚ;210480001A;25;0
987;GRAJAÚ;210480001A;26;0
988;GRAJAÚ;210480001A;27;0
989;GRAJAÚ;210480001A;28;0
990;GRAJAÚ;210480001A;29;0
991;GRAJAÚ;210480001A;30;0
992;GRAJAÚ;210480001A;31;0
993;ICATU;210510401A;1;29,4
994;ICATU;210510401A;2;8,2
995;ICATU;210510401A;3;51
996;ICATU;210510401A;4;6,2
997;ICATU;210510401A;5;14,6
998;ICATU;210510401A;6;13
999;ICATU;210510401A;7;0
1000;ICATU;210510401A;8;23
1001;ICATU;210510401A;9;13
1002;ICATU;210510401A;10;4,4
1003;ICATU;210510401A;11;12,4
1004;ICATU;210510401A;12;50
1005;ICATU;210510401A;13;0,6
1006;ICATU;210510401A;14;14
1007;ICATU;210510401A;15;13,6
1008;ICATU;210510401A;16;0
1009;ICATU;210510401A;17;0
1010;ICATU;210510401A;18;3,4
1011;ICATU;210510401A;19;42,8
1012;ICATU;210510401A;20;0,2
1013;ICATU;210510401A;21;4,8
1014;ICATU;210510401A;22;0,2
1015;ICATU;210510401A;23;0
1016;ICATU;210510401A;24;0
1017;ICATU;210510401A;25;0
1018;ICATU;210510401A;26;0
1019;ICATU;210510401A;27;0
1020;ICATU;210510401A;28;0
1021;ICATU;210510401A;29;9
1022;ICATU;210510401A;30;2,6
1023;ICATU;210510401A;31;1
1024;IGARAPÉ DO MEIO;210515301A;1;23,4
1025;IGARAPÉ DO MEIO;210515301A;2;0
1026;IGARAPÉ DO MEIO;210515301A;3;0,4
1027;IGARAPÉ DO MEIO;210515301A;4;0
1028;IGARAPÉ DO MEIO;210515301A;5;4,6
1029;IGARAPÉ DO MEIO;210515301A;6;19,6
1030;IGARAPÉ DO MEIO;210515301A;7;0,2
1031;IGARAPÉ DO MEIO;210515301A;8;13,8
1032;IGARAPÉ DO MEIO;210515301A;9;0,2
1033;IGARAPÉ DO MEIO;210515301A;10;0
1034;IGARAPÉ DO MEIO;210515301A;11;0
1035;IGARAPÉ DO MEIO;210515301A;12;0
1036;IGARAPÉ DO MEIO;210515301A;13;0
1037;IGARAPÉ DO MEIO;210515301A;14;0
1038;IGARAPÉ DO MEIO;210515301A;15;28,4
1039;IGARAPÉ DO MEIO;210515301A;16;0
1040;IGARAPÉ DO MEIO;210515301A;17;3,2
1041;IGARAPÉ DO MEIO;210515301A;18;2
1042;IGARAPÉ DO MEIO;210515301A;19;0
1043;IGARAPÉ DO MEIO;210515301A;20;0
1044;IGARAPÉ DO MEIO;210515301A;21;0
1045;IGARAPÉ DO MEIO;210515301A;22;0
1046;IGARAPÉ DO MEIO;210515301A;23;0
1047;IGARAPÉ DO MEIO;210515301A;24;0
1048;IGARAPÉ DO MEIO;210515301A;25;0
1049;IGARAPÉ DO MEIO;210515301A;26;0
1050;IGARAPÉ DO MEIO;210515301A;27;0
1051;IGARAPÉ DO MEIO;210515301A;28;0
1052;IGARAPÉ DO MEIO;210515301A;29;0
1053;IGARAPÉ DO MEIO;210515301A;30;0
1054;IGARAPÉ DO MEIO;210515301A;31;0
1055;IMPERATRIZ;210530201A;1;3,2
1056;IMPERATRIZ;210530201A;2;0,2
1057;IMPERATRIZ;210530201A;3;0
1058;IMPERATRIZ;210530201A;4;1,2
1059;IMPERATRIZ;210530201A;5;12,6
1060;IMPERATRIZ;210530201A;6;4,8
1061;IMPERATRIZ;210530201A;7;0,2
1062;IMPERATRIZ;210530201A;8;0
1063;IMPERATRIZ;210530201A;9;0,2
1064;IMPERATRIZ;210530201A;10;0
1065;IMPERATRIZ;210530201A;11;0
1066;IMPERATRIZ;210530201A;12;0,2
1067;IMPERATRIZ;210530201A;13;0
1068;IMPERATRIZ;210530201A;14;0
1069;IMPERATRIZ;210530201A;15;0
1070;IMPERATRIZ;210530201A;16;0
1071;IMPERATRIZ;210530201A;17;0
1072;IMPERATRIZ;210530201A;18;0
1073;IMPERATRIZ;210530201A;19;0
1074;IMPERATRIZ;210530201A;20;0
1075;IMPERATRIZ;210530201A;21;0
1076;IMPERATRIZ;210530201A;22;0
1077;IMPERATRIZ;210530201A;23;0
1078;IMPERATRIZ;210530201A;24;0
1079;IMPERATRIZ;210530201A;25;0
1080;IMPERATRIZ;210530201A;26;0
1081;IMPERATRIZ;210530201A;27;0
1082;IMPERATRIZ;210530201A;28;0
1083;IMPERATRIZ;210530201A;29;0
1084;IMPERATRIZ;210530201A;30;1
1085;IMPERATRIZ;210530201A;31;0
1086;IMPERATRIZ;210530202A;1;9,2
1087;IMPERATRIZ;210530202A;2;0
1088;IMPERATRIZ;210530202A;3;0
1089;IMPERATRIZ;210530202A;4;0
1090;IMPERATRIZ;210530202A;5;23,2
1091;IMPERATRIZ;210530202A;6;0
1092;IMPERATRIZ;210530202A;7;0
1093;IMPERATRIZ;210530202A;8;0
1094;IMPERATRIZ;210530202A;9;0
1095;IMPERATRIZ;210530202A;10;0
1096;IMPERATRIZ;210530202A;11;0
1097;IMPERATRIZ;210530202A;12;0
1098;IMPERATRIZ;210530202A;13;0
1099;IMPERATRIZ;210530202A;14;0,4
1100;IMPERATRIZ;210530202A;15;0
1101;IMPERATRIZ;210530202A;16;0
1102;IMPERATRIZ;210530202A;17;0
1103;IMPERATRIZ;210530202A;18;0
1104;IMPERATRIZ;210530202A;19;0
1105;IMPERATRIZ;210530202A;20;0
1106;IMPERATRIZ;210530202A;21;0
1107;IMPERATRIZ;210530202A;22;0
1108;IMPERATRIZ;210530202A;23;0
1109;IMPERATRIZ;210530202A;24;0
1110;IMPERATRIZ;210530202A;25;0
1111;IMPERATRIZ;210530202A;26;0
1112;IMPERATRIZ;210530202A;27;0
1113;IMPERATRIZ;210530202A;28;0
1114;IMPERATRIZ;210530202A;29;0
1115;IMPERATRIZ;210530202A;30;0
1116;IMPERATRIZ;210530202A;31;0
1117;IMPERATRIZ;210530203A;1;11,2
1118;IMPERATRIZ;210530203A;2;0
1119;IMPERATRIZ;210530203A;3;0
1120;IMPERATRIZ;210530203A;4;2
1121;IMPERATRIZ;210530203A;5;11,4
1122;IMPERATRIZ;210530203A;6;11,4
1123;IMPERATRIZ;210530203A;7;7,2
1124;IMPERATRIZ;210530203A;8;0
1125;IMPERATRIZ;210530203A;9;0
1126;IMPERATRIZ;210530203A;10;0
1127;IMPERATRIZ;210530203A;11;0
1128;IMPERATRIZ;210530203A;12;0
1129;IMPERATRIZ;210530203A;13;0
1130;IMPERATRIZ;210530203A;14;0
1131;IMPERATRIZ;210530203A;15;0
1132;IMPERATRIZ;210530203A;16;0
1133;IMPERATRIZ;210530203A;17;0
1134;IMPERATRIZ;210530203A;18;0
1135;IMPERATRIZ;210530203A;19;0
1136;IMPERATRIZ;210530203A;20;0
1137;IMPERATRIZ;210530203A;21;0
1138;IMPERATRIZ;210530203A;22;0
1139;IMPERATRIZ;210530203A;23;0
1140;IMPERATRIZ;210530203A;24;0
1141;IMPERATRIZ;210530203A;25;0
1142;IMPERATRIZ;210530203A;26;0
1143;IMPERATRIZ;210530203A;27;0
1144;IMPERATRIZ;210530203A;28;0
1145;IMPERATRIZ;210530203A;29;0
1146;IMPERATRIZ;210530203A;30;0
1147;IMPERATRIZ;210530203A;31;0
1148;IMPERATRIZ;210530204A;1;4,8
1149;IMPERATRIZ;210530204A;2;0
1150;IMPERATRIZ;210530204A;3;0
1151;IMPERATRIZ;210530204A;4;0
1152;IMPERATRIZ;210530204A;5;9,2
1153;IMPERATRIZ;210530204A;6;2,2
1154;IMPERATRIZ;210530204A;7;2
1155;IMPERATRIZ;210530204A;8;0
1156;IMPERATRIZ;210530204A;9;0
1157;IMPERATRIZ;210530204A;10;0
1158;IMPERATRIZ;210530204A;11;0
1159;IMPERATRIZ;210530204A;12;0
1160;IMPERATRIZ;210530204A;13;0
1161;IMPERATRIZ;210530204A;14;0
1162;IMPERATRIZ;210530204A;15;0
1163;IMPERATRIZ;210530204A;16;0
1164;IMPERATRIZ;210530204A;17;0
1165;IMPERATRIZ;210530204A;18;0,8
1166;IMPERATRIZ;210530204A;19;0
1167;IMPERATRIZ;210530204A;20;0
1168;IMPERATRIZ;210530204A;21;0
1169;IMPERATRIZ;210530204A;22;0
1170;IMPERATRIZ;210530204A;23;0
1171;IMPERATRIZ;210530204A;24;0
1172;IMPERATRIZ;210530204A;25;0
1173;IMPERATRIZ;210530204A;26;0
1174;IMPERATRIZ;210530204A;27;0
1175;IMPERATRIZ;210530204A;28;0
1176;IMPERATRIZ;210530204A;29;0
1177;IMPERATRIZ;210530204A;30;0
1178;IMPERATRIZ;210530204A;31;0
1179;ITAPECURU MIRIM;210540101A;1;66,8
1180;ITAPECURU MIRIM;210540101A;2;0,2
1181;ITAPECURU MIRIM;210540101A;3;13,4
1182;ITAPECURU MIRIM;210540101A;4;1,2
1183;ITAPECURU MIRIM;210540101A;5;8,4
1184;ITAPECURU MIRIM;210540101A;6;5,2
1185;ITAPECURU MIRIM;210540101A;7;0,4
1186;ITAPECURU MIRIM;210540101A;8;8,4
1187;ITAPECURU MIRIM;210540101A;9;0
1188;ITAPECURU MIRIM;210540101A;10;0
1189;ITAPECURU MIRIM;210540101A;11;0
1190;ITAPECURU MIRIM;210540101A;12;0
1191;ITAPECURU MIRIM;210540101A;13;0
1192;ITAPECURU MIRIM;210540101A;14;7,2
1193;ITAPECURU MIRIM;210540101A;15;7,8
1194;ITAPECURU MIRIM;210540101A;16;0
1195;ITAPECURU MIRIM;210540101A;17;0,8
1196;ITAPECURU MIRIM;210540101A;18;16,6
1197;ITAPECURU MIRIM;210540101A;19;0,4
1198;ITAPECURU MIRIM;210540101A;20;2,8
1199;ITAPECURU MIRIM;210540101A;21;0
1200;ITAPECURU MIRIM;210540101A;22;0
1201;ITAPECURU MIRIM;210540101A;23;0
1202;ITAPECURU MIRIM;210540101A;24;0
1203;ITAPECURU MIRIM;210540101A;25;0
1204;ITAPECURU MIRIM;210540101A;26;0
1205;ITAPECURU MIRIM;210540101A;27;0
1206;ITAPECURU MIRIM;210540101A;28;0
1207;ITAPECURU MIRIM;210540101A;29;0
1208;ITAPECURU MIRIM;210540101A;30;0
1209;ITAPECURU MIRIM;210540101A;31;0
1210;JATOBÁ;210545001A;1;0
1211;JATOBÁ;210545001A;2;0
1212;JATOBÁ;210545001A;3;0
1213;JATOBÁ;210545001A;4;0
1214;JATOBÁ;210545001A;5;7,6
1215;JATOBÁ;210545001A;6;0,4
1216;JATOBÁ;210545001A;7;0,4
1217;JATOBÁ;210545001A;8;0,2
1218;JATOBÁ;210545001A;9;0
1219;JATOBÁ;210545001A;10;0
1220;JATOBÁ;210545001A;11;0
1221;JATOBÁ;210545001A;12;0
1222;JATOBÁ;210545001A;13;0
1223;JATOBÁ;210545001A;14;0
1224;JATOBÁ;210545001A;15;2
1225;JATOBÁ;210545001A;16;0
1226;JATOBÁ;210545001A;17;0
1227;JATOBÁ;210545001A;18;0
1228;JATOBÁ;210545001A;19;0
1229;JATOBÁ;210545001A;20;0
1230;JATOBÁ;210545001A;21;0
1231;JATOBÁ;210545001A;22;0
1232;JATOBÁ;210545001A;23;0,4
1233;JATOBÁ;210545001A;24;0
1234;JATOBÁ;210545001A;25;0
1235;JATOBÁ;210545001A;26;0
1236;JATOBÁ;210545001A;27;0
1237;JATOBÁ;210545001A;28;0
1238;JATOBÁ;210545001A;29;0
1239;JATOBÁ;210545001A;30;0
1240;JATOBÁ;210545001A;31;0
1241;LAGO DA PEDRA;210570801A;1;1,2
1242;LAGO DA PEDRA;210570801A;2;0,2
1243;LAGO DA PEDRA;210570801A;3;0
1244;LAGO DA PEDRA;210570801A;4;0
1245;LAGO DA PEDRA;210570801A;5;36,2
1246;LAGO DA PEDRA;210570801A;6;2,4
1247;LAGO DA PEDRA;210570801A;7;0,2
1248;LAGO DA PEDRA;210570801A;8;1,2
1249;LAGO DA PEDRA;210570801A;9;0,4
1250;LAGO DA PEDRA;210570801A;10;0
1251;LAGO DA PEDRA;210570801A;11;0
1252;LAGO DA PEDRA;210570801A;12;0
1253;LAGO DA PEDRA;210570801A;13;0
1254;LAGO DA PEDRA;210570801A;14;12,8
1255;LAGO DA PEDRA;210570801A;15;12,8
1256;LAGO DA PEDRA;210570801A;16;0
1257;LAGO DA PEDRA;210570801A;17;9
1258;LAGO DA PEDRA;210570801A;18;3,8
1259;LAGO DA PEDRA;210570801A;19;2,6
1260;LAGO DA PEDRA;210570801A;20;1,2
1261;LAGO DA PEDRA;210570801A;21;1,6
1262;LAGO DA PEDRA;210570801A;22;0
1263;LAGO DA PEDRA;210570801A;23;0
1264;LAGO DA PEDRA;210570801A;24;0
1265;LAGO DA PEDRA;210570801A;25;0
1266;LAGO DA PEDRA;210570801A;26;0
1267;LAGO DA PEDRA;210570801A;27;0
1268;LAGO DA PEDRA;210570801A;28;0
1269;LAGO DA PEDRA;210570801A;29;0
1270;LAGO DA PEDRA;210570801A;30;0
1271;LAGO DA PEDRA;210570801A;31;0
1272;LAGO DO JUNCO;210580701A;1;0,4
1273;LAGO DO JUNCO;210580701A;2;0
1274;LAGO DO JUNCO;210580701A;3;0,4
1275;LAGO DO JUNCO;210580701A;4;0,2
1276;LAGO DO JUNCO;210580701A;5;0,8
1277;LAGO DO JUNCO;210580701A;6;1,2
1278;LAGO DO JUNCO;210580701A;7;0,8
1279;LAGO DO JUNCO;210580701A;8;3,4
1280;LAGO DO JUNCO;210580701A;9;0,4
1281;LAGO DO JUNCO;210580701A;10;0
1282;LAGO DO JUNCO;210580701A;11;0
1283;LAGO DO JUNCO;210580701A;12;0
1284;LAGO DO JUNCO;210580701A;13;0
1285;LAGO DO JUNCO;210580701A;14;10
1286;LAGO DO JUNCO;210580701A;15;20,2
1287;LAGO DO JUNCO;210580701A;16;0
1288;LAGO DO JUNCO;210580701A;17;8,8
1289;LAGO DO JUNCO;210580701A;18;17,4
1290;LAGO DO JUNCO;210580701A;19;1,2
1291;LAGO DO JUNCO;210580701A;20;3,4
1292;LAGO DO JUNCO;210580701A;21;0,4
1293;LAGO DO JUNCO;210580701A;22;0,2
1294;LAGO DO JUNCO;210580701A;23;0
1295;LAGO DO JUNCO;210580701A;24;0
1296;LAGO DO JUNCO;210580701A;25;0
1297;LAGO DO JUNCO;210580701A;26;0
1298;LAGO DO JUNCO;210580701A;27;0
1299;LAGO DO JUNCO;210580701A;28;0
1300;LAGO DO JUNCO;210580701A;29;0
1301;LAGO DO JUNCO;210580701A;30;0
1302;LAGO DO JUNCO;210580701A;31;0
1303;LAGO DOS RODRIGUES;210594801A;1;0
1304;LAGO DOS RODRIGUES;210594801A;2;0
1305;LAGO DOS RODRIGUES;210594801A;3;2,2
1306;LAGO DOS RODRIGUES;210594801A;4;0
1307;LAGO DOS RODRIGUES;210594801A;5;1,6
1308;LAGO DOS RODRIGUES;210594801A;6;1,2
1309;LAGO DOS RODRIGUES;210594801A;7;7,2
1310;LAGO DOS RODRIGUES;210594801A;8;7,2
1311;LAGO DOS RODRIGUES;210594801A;9;0,6
1312;LAGO DOS RODRIGUES;210594801A;10;0
1313;LAGO DOS RODRIGUES;210594801A;11;0
1314;LAGO DOS RODRIGUES;210594801A;12;0
1315;LAGO DOS RODRIGUES;210594801A;13;0
1316;LAGO DOS RODRIGUES;210594801A;14;4
1317;LAGO DOS RODRIGUES;210594801A;15;16,2
1318;LAGO DOS RODRIGUES;210594801A;16;0
1319;LAGO DOS RODRIGUES;210594801A;17;5,2
1320;LAGO DOS RODRIGUES;210594801A;18;14,8
1321;LAGO DOS RODRIGUES;210594801A;19;0,2
1322;LAGO DOS RODRIGUES;210594801A;20;1
1323;LAGO DOS RODRIGUES;210594801A;21;0,2
1324;LAGO DOS RODRIGUES;210594801A;22;0
1325;LAGO DOS RODRIGUES;210594801A;23;0
1326;LAGO DOS RODRIGUES;210594801A;24;0
1327;LAGO DOS RODRIGUES;210594801A;25;0
1328;LAGO DOS RODRIGUES;210594801A;26;0
1329;LAGO DOS RODRIGUES;210594801A;27;0
1330;LAGO DOS RODRIGUES;210594801A;28;0
1331;LAGO DOS RODRIGUES;210594801A;29;0
1332;LAGO DOS RODRIGUES;210594801A;30;0
1333;LAGO DOS RODRIGUES;210594801A;31;0
1334;LAGO VERDE;210590601A;1;24,2
1335;LAGO VERDE;210590601A;2;0
1336;LAGO VERDE;210590601A;3;0
1337;LAGO VERDE;210590601A;4;0,2
1338;LAGO VERDE;210590601A;5;5,8
1339;LAGO VERDE;210590601A;6;4,2
1340;LAGO VERDE;210590601A;7;1,2
1341;LAGO VERDE;210590601A;8;4,2
1342;LAGO VERDE;210590601A;9;18,2
1343;LAGO VERDE;210590601A;10;0
1344;LAGO VERDE;210590601A;11;0
1345;LAGO VERDE;210590601A;12;0
1346;LAGO VERDE;210590601A;13;0
1347;LAGO VERDE;210590601A;14;7,6
1348;LAGO VERDE;210590601A;15;22,6
1349;LAGO VERDE;210590601A;16;0
1350;LAGO VERDE;210590601A;17;4,2
1351;LAGO VERDE;210590601A;18;1
1352;LAGO VERDE;210590601A;19;0,4
1353;LAGO VERDE;210590601A;20;0
1354;LAGO VERDE;210590601A;21;0
1355;LAGO VERDE;210590601A;22;0
1356;LAGO VERDE;210590601A;23;0
1357;LAGO VERDE;210590601A;24;0
1358;LAGO VERDE;210590601A;25;0
1359;LAGO VERDE;210590601A;26;0
1360;LAGO VERDE;210590601A;27;0
1361;LAGO VERDE;210590601A;28;0
1362;LAGO VERDE;210590601A;29;0
1363;LAGO VERDE;210590601A;30;0
1364;LAGO VERDE;210590601A;31;0,4
1365;LAGOA GRANDE DO MARANHÃO;210596302A;1;0
1366;LAGOA GRANDE DO MARANHÃO;210596302A;2;0
1367;LAGOA GRANDE DO MARANHÃO;210596302A;3;0
1368;LAGOA GRANDE DO MARANHÃO;210596302A;4;0
1369;LAGOA GRANDE DO MARANHÃO;210596302A;5;0
1370;LAGOA GRANDE DO MARANHÃO;210596302A;6;0,6
1371;LAGOA GRANDE DO MARANHÃO;210596302A;7;0
1372;LAGOA GRANDE DO MARANHÃO;210596302A;8;0
1373;LAGOA GRANDE DO MARANHÃO;210596302A;9;0
1374;LAGOA GRANDE DO MARANHÃO;210596302A;10;0
1375;LAGOA GRANDE DO MARANHÃO;210596302A;11;0
1376;LAGOA GRANDE DO MARANHÃO;210596302A;12;0
1377;LAGOA GRANDE DO MARANHÃO;210596302A;13;0
1378;LAGOA GRANDE DO MARANHÃO;210596302A;14;12,22
1379;LAGOA GRANDE DO MARANHÃO;210596302A;15;16,93
1380;LAGOA GRANDE DO MARANHÃO;210596302A;16;0
1381;LAGOA GRANDE DO MARANHÃO;210596302A;17;0
1382;LAGOA GRANDE DO MARANHÃO;210596302A;18;0
1383;LAGOA GRANDE DO MARANHÃO;210596302A;19;0,4
1384;LAGOA GRANDE DO MARANHÃO;210596302A;20;0
1385;LAGOA GRANDE DO MARANHÃO;210596302A;21;0
1386;LAGOA GRANDE DO MARANHÃO;210596302A;22;0
1387;LAGOA GRANDE DO MARANHÃO;210596302A;23;2,17
1388;LAGOA GRANDE DO MARANHÃO;210596302A;24;0
1389;LAGOA GRANDE DO MARANHÃO;210596302A;25;0
1390;LAGOA GRANDE DO MARANHÃO;210596302A;26;0
1391;LAGOA GRANDE DO MARANHÃO;210596302A;27;0
1392;LAGOA GRANDE DO MARANHÃO;210596302A;28;0
1393;LAGOA GRANDE DO MARANHÃO;210596302A;29;0
1394;LAGOA GRANDE DO MARANHÃO;210596302A;30;0
1395;LAGOA GRANDE DO MARANHÃO;210596302A;31;0
1396;MAGALHÃES DE ALMEIDA;210630001A;1;10
1397;MAGALHÃES DE ALMEIDA;210630001A;2;8,8
1398;MAGALHÃES DE ALMEIDA;210630001A;3;34,6
1399;MAGALHÃES DE ALMEIDA;210630001A;4;41,4
1400;MAGALHÃES DE ALMEIDA;210630001A;5;20,2
1401;MAGALHÃES DE ALMEIDA;210630001A;6;6
1402;MAGALHÃES DE ALMEIDA;210630001A;7;8,4
1403;MAGALHÃES DE ALMEIDA;210630001A;8;0
1404;MAGALHÃES DE ALMEIDA;210630001A;9;9,8
1405;MAGALHÃES DE ALMEIDA;210630001A;10;12,6
1406;MAGALHÃES DE ALMEIDA;210630001A;11;2,4
1407;MAGALHÃES DE ALMEIDA;210630001A;12;0
1408;MAGALHÃES DE ALMEIDA;210630001A;13;4,4
1409;MAGALHÃES DE ALMEIDA;210630001A;14;23,6
1410;MAGALHÃES DE ALMEIDA;210630001A;15;3,2
1411;MAGALHÃES DE ALMEIDA;210630001A;16;0,6
1412;MAGALHÃES DE ALMEIDA;210630001A;17;0
1413;MAGALHÃES DE ALMEIDA;210630001A;18;0
1414;MAGALHÃES DE ALMEIDA;210630001A;19;0
1415;MAGALHÃES DE ALMEIDA;210630001A;20;0
1416;MAGALHÃES DE ALMEIDA;210630001A;21;3,2
1417;MAGALHÃES DE ALMEIDA;210630001A;22;0,2
1418;MAGALHÃES DE ALMEIDA;210630001A;23;0
1419;MAGALHÃES DE ALMEIDA;210630001A;24;0
1420;MAGALHÃES DE ALMEIDA;210630001A;25;0
1421;MAGALHÃES DE ALMEIDA;210630001A;26;0
1422;MAGALHÃES DE ALMEIDA;210630001A;27;0
1423;MAGALHÃES DE ALMEIDA;210630001A;28;0
1424;MAGALHÃES DE ALMEIDA;210630001A;29;0
1425;MAGALHÃES DE ALMEIDA;210630001A;30;0
1426;MAGALHÃES DE ALMEIDA;210630001A;31;0
1427;MARAJÁ DO SENA;210635902A;1;1,77
1428;MARAJÁ DO SENA;210635902A;2;0
1429;MARAJÁ DO SENA;210635902A;3;0,4
1430;MARAJÁ DO SENA;210635902A;4;2,17
1431;MARAJÁ DO SENA;210635902A;5;1,77
1432;MARAJÁ DO SENA;210635902A;6;1
1433;MARAJÁ DO SENA;210635902A;7;0,2
1434;MARAJÁ DO SENA;210635902A;8;4,93
1435;MARAJÁ DO SENA;210635902A;9;0
1436;MARAJÁ DO SENA;210635902A;10;0
1437;MARAJÁ DO SENA;210635902A;11;0
1438;MARAJÁ DO SENA;210635902A;12;0
1439;MARAJÁ DO SENA;210635902A;13;0
1440;MARAJÁ DO SENA;210635902A;14;6,11
1441;MARAJÁ DO SENA;210635902A;15;49,88
1442;MARAJÁ DO SENA;210635902A;16;0
1443;MARAJÁ DO SENA;210635902A;17;1,78
1444;MARAJÁ DO SENA;210635902A;18;0
1445;MARAJÁ DO SENA;210635902A;19;0
1446;MARAJÁ DO SENA;210635902A;20;0
1447;MARAJÁ DO SENA;210635902A;21;0
1448;MARAJÁ DO SENA;210635902A;22;0,2
1449;MARAJÁ DO SENA;210635902A;23;0,98
1450;MARAJÁ DO SENA;210635902A;24;0
1451;MARAJÁ DO SENA;210635902A;25;0,2
1452;MARAJÁ DO SENA;210635902A;26;0
1453;MARAJÁ DO SENA;210635902A;27;0
1454;MARAJÁ DO SENA;210635902A;28;0
1455;MARAJÁ DO SENA;210635902A;29;0
1456;MARAJÁ DO SENA;210635902A;30;0,2
1457;MARAJÁ DO SENA;210635902A;31;0
1458;MATÕES;210660701A;1;0
1459;MATÕES;210660701A;2;0,8
1460;MATÕES;210660701A;3;23,2
1461;MATÕES;210660701A;4;0
1462;MATÕES;210660701A;5;0
1463;MATÕES;210660701A;6;0,2
1464;MATÕES;210660701A;7;8,6
1465;MATÕES;210660701A;8;0
1466;MATÕES;210660701A;9;16
1467;MATÕES;210660701A;10;0
1468;MATÕES;210660701A;11;0
1469;MATÕES;210660701A;12;0
1470;MATÕES;210660701A;13;0
1471;MATÕES;210660701A;14;15,6
1472;MATÕES;210660701A;15;0,8
1473;MATÕES;210660701A;16;0
1474;MATÕES;210660701A;17;6,8
1475;MATÕES;210660701A;18;0
1476;MATÕES;210660701A;19;0
1477;MATÕES;210660701A;20;0
1478;MATÕES;210660701A;21;0
1479;MATÕES;210660701A;22;0
1480;MATÕES;210660701A;23;0
1481;MATÕES;210660701A;24;0
1482;MATÕES;210660701A;25;0
1483;MATÕES;210660701A;26;0
1484;MATÕES;210660701A;27;0
1485;MATÕES;210660701A;28;0
1486;MATÕES;210660701A;29;0
1487;MATÕES;210660701A;30;0
1488;MATÕES;210660701A;31;0
1489;MIRADOR;210670601A;1;0,4
1490;MIRADOR;210670601A;2;0,2
1491;MIRADOR;210670601A;3;0,2
1492;MIRADOR;210670601A;4;0,2
1493;MIRADOR;210670601A;5;0,2
1494;MIRADOR;210670601A;6;0,2
1495;MIRADOR;210670601A;7;0,2
1496;MIRADOR;210670601A;8;0,2
1497;MIRADOR;210670601A;9;0
1498;MIRADOR;210670601A;10;0,2
1499;MIRADOR;210670601A;11;0
1500;MIRADOR;210670601A;12;0
1501;MIRADOR;210670601A;13;0
1502;MIRADOR;210670601A;14;0
1503;MIRADOR;210670601A;15;0
1504;MIRADOR;210670601A;16;0
1505;MIRADOR;210670601A;17;0
1506;MIRADOR;210670601A;18;0
1507;MIRADOR;210670601A;19;0,6
1508;MIRADOR;210670601A;20;0,4
1509;MIRADOR;210670601A;21;0
1510;MIRADOR;210670601A;22;0
1511;MIRADOR;210670601A;23;0
1512;MIRADOR;210670601A;24;0
1513;MIRADOR;210670601A;25;0
1514;MIRADOR;210670601A;26;0
1515;MIRADOR;210670601A;27;0
1516;MIRADOR;210670601A;28;0
1517;MIRADOR;210670601A;29;0
1518;MIRADOR;210670601A;30;0
1519;MIRADOR;210670601A;31;0
1520;MIRANDA DO NORTE;210675501A;1;48,6
1521;MIRANDA DO NORTE;210675501A;2;0,4
1522;MIRANDA DO NORTE;210675501A;3;2
1523;MIRANDA DO NORTE;210675501A;4;1,2
1524;MIRANDA DO NORTE;210675501A;5;12,2
1525;MIRANDA DO NORTE;210675501A;6;13
1526;MIRANDA DO NORTE;210675501A;7;0
1527;MIRANDA DO NORTE;210675501A;8;4,8
1528;MIRANDA DO NORTE;210675501A;9;1,4
1529;MIRANDA DO NORTE;210675501A;10;0
1530;MIRANDA DO NORTE;210675501A;11;0
1531;MIRANDA DO NORTE;210675501A;12;0
1532;MIRANDA DO NORTE;210675501A;13;0
1533;MIRANDA DO NORTE;210675501A;14;4,6
1534;MIRANDA DO NORTE;210675501A;15;31,8
1535;MIRANDA DO NORTE;210675501A;16;0
1536;MIRANDA DO NORTE;210675501A;17;2,2
1537;MIRANDA DO NORTE;210675501A;18;3,6
1538;MIRANDA DO NORTE;210675501A;19;6,4
1539;MIRANDA DO NORTE;210675501A;20;0
1540;MIRANDA DO NORTE;210675501A;21;0
1541;MIRANDA DO NORTE;210675501A;22;0
1542;MIRANDA DO NORTE;210675501A;23;0
1543;MIRANDA DO NORTE;210675501A;24;0
1544;MIRANDA DO NORTE;210675501A;25;0
1545;MIRANDA DO NORTE;210675501A;26;0
1546;MIRANDA DO NORTE;210675501A;27;0
1547;MIRANDA DO NORTE;210675501A;28;0
1548;MIRANDA DO NORTE;210675501A;29;0,2
1549;MIRANDA DO NORTE;210675501A;30;0
1550;MIRANDA DO NORTE;210675501A;31;0
1551;MIRINZAL;210680501A;1;55
1552;MIRINZAL;210680501A;2;0,6
1553;MIRINZAL;210680501A;3;0
1554;MIRINZAL;210680501A;4;8,4
1555;MIRINZAL;210680501A;5;1,4
1556;MIRINZAL;210680501A;6;22,6
1557;MIRINZAL;210680501A;7;5,8
1558;MIRINZAL;210680501A;8;0
1559;MIRINZAL;210680501A;9;0
1560;MIRINZAL;210680501A;10;4,4
1561;MIRINZAL;210680501A;11;2,2
1562;MIRINZAL;210680501A;12;47,6
1563;MIRINZAL;210680501A;13;19,2
1564;MIRINZAL;210680501A;14;11,8
1565;MIRINZAL;210680501A;15;87,8
1566;MIRINZAL;210680501A;16;0,4
1567;MIRINZAL;210680501A;17;39,6
1568;MIRINZAL;210680501A;18;11,8
1569;MIRINZAL;210680501A;19;0
1570;MIRINZAL;210680501A;20;2,4
1571;MIRINZAL;210680501A;21;0
1572;MIRINZAL;210680501A;22;0
1573;MIRINZAL;210680501A;23;0
1574;MIRINZAL;210680501A;24;0
1575;MIRINZAL;210680501A;25;0
1576;MIRINZAL;210680501A;26;0
1577;MIRINZAL;210680501A;27;0
1578;MIRINZAL;210680501A;28;0
1579;MIRINZAL;210680501A;29;0
1580;MIRINZAL;210680501A;30;29
1581;MIRINZAL;210680501A;31;0,6
1582;MONÇÃO;210690401A;1;34,6
1583;MONÇÃO;210690401A;2;0
1584;MONÇÃO;210690401A;3;0
1585;MONÇÃO;210690401A;4;0
1586;MONÇÃO;210690401A;5;5,6
1587;MONÇÃO;210690401A;6;13,8
1588;MONÇÃO;210690401A;7;0
1589;MONÇÃO;210690401A;8;40,4
1590;MONÇÃO;210690401A;9;1,8
1591;MONÇÃO;210690401A;10;0
1592;MONÇÃO;210690401A;11;0
1593;MONÇÃO;210690401A;12;0
1594;MONÇÃO;210690401A;13;0
1595;MONÇÃO;210690401A;14;8,8
1596;MONÇÃO;210690401A;15;29,6
1597;MONÇÃO;210690401A;16;2,8
1598;MONÇÃO;210690401A;17;2,2
1599;MONÇÃO;210690401A;18;4,8
1600;MONÇÃO;210690401A;19;7
1601;MONÇÃO;210690401A;20;0,2
1602;MONÇÃO;210690401A;21;0,2
1603;MONÇÃO;210690401A;22;0
1604;MONÇÃO;210690401A;23;0
1605;MONÇÃO;210690401A;24;0
1606;MONÇÃO;210690401A;25;0
1607;MONÇÃO;210690401A;26;0
1608;MONÇÃO;210690401A;27;0
1609;MONÇÃO;210690401A;28;0
1610;MONÇÃO;210690401A;29;0
1611;MONÇÃO;210690401A;30;0
1612;MONÇÃO;210690401A;31;0
1613;NINA RODRIGUES;210720901A;1;20,4
1614;NINA RODRIGUES;210720901A;2;0,2
1615;NINA RODRIGUES;210720901A;3;0
1616;NINA RODRIGUES;210720901A;4;31,6
1617;NINA RODRIGUES;210720901A;5;38,8
1618;NINA RODRIGUES;210720901A;6;0,6
1619;NINA RODRIGUES;210720901A;7;4,4
1620;NINA RODRIGUES;210720901A;8;0,2
1621;NINA RODRIGUES;210720901A;9;1
1622;NINA RODRIGUES;210720901A;10;0
1623;NINA RODRIGUES;210720901A;11;0
1624;NINA RODRIGUES;210720901A;12;0
1625;NINA RODRIGUES;210720901A;13;0
1626;NINA RODRIGUES;210720901A;14;20,2
1627;NINA RODRIGUES;210720901A;15;12,6
1628;NINA RODRIGUES;210720901A;16;0
1629;NINA RODRIGUES;210720901A;17;0
1630;NINA RODRIGUES;210720901A;18;0
1631;NINA RODRIGUES;210720901A;19;0
1632;NINA RODRIGUES;210720901A;20;0
1633;NINA RODRIGUES;210720901A;21;0
1634;NINA RODRIGUES;210720901A;22;0
1635;NINA RODRIGUES;210720901A;23;0
1636;NINA RODRIGUES;210720901A;24;0
1637;NINA RODRIGUES;210720901A;25;0
1638;NINA RODRIGUES;210720901A;26;0
1639;NINA RODRIGUES;210720901A;27;0
1640;NINA RODRIGUES;210720901A;28;0
1641;NINA RODRIGUES;210720901A;29;0
1642;NINA RODRIGUES;210720901A;30;0
1643;NINA RODRIGUES;210720901A;31;0
1644;OLINDA NOVA DO MARANHÃO;210745601A;1;0
1645;OLINDA NOVA DO MARANHÃO;210745601A;2;0
1646;OLINDA NOVA DO MARANHÃO;210745601A;3;0
1647;OLINDA NOVA DO MARANHÃO;210745601A;4;0
1648;OLINDA NOVA DO MARANHÃO;210745601A;5;0
1649;OLINDA NOVA DO MARANHÃO;210745601A;6;0
1650;OLINDA NOVA DO MARANHÃO;210745601A;7;0
1651;OLINDA NOVA DO MARANHÃO;210745601A;8;0,2
1652;OLINDA NOVA DO MARANHÃO;210745601A;9;0
1653;OLINDA NOVA DO MARANHÃO;210745601A;10;0
1654;OLINDA NOVA DO MARANHÃO;210745601A;11;0
1655;OLINDA NOVA DO MARANHÃO;210745601A;12;0
1656;OLINDA NOVA DO MARANHÃO;210745601A;13;0
1657;OLINDA NOVA DO MARANHÃO;210745601A;14;0
1658;OLINDA NOVA DO MARANHÃO;210745601A;15;0
1659;OLINDA NOVA DO MARANHÃO;210745601A;16;0
1660;OLINDA NOVA DO MARANHÃO;210745601A;17;0
1661;OLINDA NOVA DO MARANHÃO;210745601A;18;0
1662;OLINDA NOVA DO MARANHÃO;210745601A;19;0
1663;OLINDA NOVA DO MARANHÃO;210745601A;20;0
1664;OLINDA NOVA DO MARANHÃO;210745601A;21;0
1665;OLINDA NOVA DO MARANHÃO;210745601A;22;0
1666;OLINDA NOVA DO MARANHÃO;210745601A;23;0
1667;OLINDA NOVA DO MARANHÃO;210745601A;24;0
1668;OLINDA NOVA DO MARANHÃO;210745601A;25;0
1669;OLINDA NOVA DO MARANHÃO;210745601A;26;0
1670;OLINDA NOVA DO MARANHÃO;210745601A;27;0
1671;OLINDA NOVA DO MARANHÃO;210745601A;28;0
1672;OLINDA NOVA DO MARANHÃO;210745601A;29;4,8
1673;OLINDA NOVA DO MARANHÃO;210745601A;30;0,4
1674;OLINDA NOVA DO MARANHÃO;210745601A;31;0
1675;PALMEIRÂNDIA;210760501A;1;31,8
1676;PALMEIRÂNDIA;210760501A;2;1,8
1677;PALMEIRÂNDIA;210760501A;3;0
1678;PALMEIRÂNDIA;210760501A;4;30,6
1679;PALMEIRÂNDIA;210760501A;5;3
1680;PALMEIRÂNDIA;210760501A;6;0
1681;PALMEIRÂNDIA;210760501A;7;0,4
1682;PALMEIRÂNDIA;210760501A;8;2
1683;PALMEIRÂNDIA;210760501A;9;8,6
1684;PALMEIRÂNDIA;210760501A;10;8,4
1685;PALMEIRÂNDIA;210760501A;11;16,2
1686;PALMEIRÂNDIA;210760501A;12;19
1687;PALMEIRÂNDIA;210760501A;13;23,8
1688;PALMEIRÂNDIA;210760501A;14;25,4
1689;PALMEIRÂNDIA;210760501A;15;6
1690;PALMEIRÂNDIA;210760501A;16;11,6
1691;PALMEIRÂNDIA;210760501A;17;9,8
1692;PALMEIRÂNDIA;210760501A;18;0
1693;PALMEIRÂNDIA;210760501A;19;0
1694;PALMEIRÂNDIA;210760501A;20;1
1695;PALMEIRÂNDIA;210760501A;21;5,4
1696;PALMEIRÂNDIA;210760501A;22;0,4
1697;PALMEIRÂNDIA;210760501A;23;0
1698;PALMEIRÂNDIA;210760501A;24;0
1699;PALMEIRÂNDIA;210760501A;25;0
1700;PALMEIRÂNDIA;210760501A;26;0,8
1701;PALMEIRÂNDIA;210760501A;27;0,4
1702;PALMEIRÂNDIA;210760501A;28;0
1703;PALMEIRÂNDIA;210760501A;29;0
1704;PALMEIRÂNDIA;210760501A;30;7,6
1705;PALMEIRÂNDIA;210760501A;31;0
1706;PARNARAMA;210780301A;1;0
1707;PARNARAMA;210780301A;2;0,6
1708;PARNARAMA;210780301A;3;6,4
1709;PARNARAMA;210780301A;4;0
1710;PARNARAMA;210780301A;5;0
1711;PARNARAMA;210780301A;6;1,4
1712;PARNARAMA;210780301A;7;13
1713;PARNARAMA;210780301A;8;3,6
1714;PARNARAMA;210780301A;9;3,6
1715;PARNARAMA;210780301A;10;0
1716;PARNARAMA;210780301A;11;0
1717;PARNARAMA;210780301A;12;0
1718;PARNARAMA;210780301A;13;12,6
1719;PARNARAMA;210780301A;14;14,6
1720;PARNARAMA;210780301A;15;0
1721;PARNARAMA;210780301A;16;0
1722;PARNARAMA;210780301A;17;0,2
1723;PARNARAMA;210780301A;18;0
1724;PARNARAMA;210780301A;19;0
1725;PARNARAMA;210780301A;20;0
1726;PARNARAMA;210780301A;21;0
1727;PARNARAMA;210780301A;22;0
1728;PARNARAMA;210780301A;23;0
1729;PARNARAMA;210780301A;24;0
1730;PARNARAMA;210780301A;25;0
1731;PARNARAMA;210780301A;26;0
1732;PARNARAMA;210780301A;27;0
1733;PARNARAMA;210780301A;28;0
1734;PARNARAMA;210780301A;29;0
1735;PARNARAMA;210780301A;30;0
1736;PARNARAMA;210780301A;31;0
1737;PENALVA;210830601A;1;0
1738;PENALVA;210830601A;2;0
1739;PENALVA;210830601A;3;0
1740;PENALVA;210830601A;4;0
1741;PENALVA;210830601A;5;0
1742;PENALVA;210830601A;6;0
1743;PENALVA;210830601A;7;0
1744;PENALVA;210830601A;8;0
1745;PENALVA;210830601A;9;0
1746;PENALVA;210830601A;10;0
1747;PENALVA;210830601A;11;0
1748;PENALVA;210830601A;12;0
1749;PENALVA;210830601A;13;0
1750;PENALVA;210830601A;14;0,4
1751;PENALVA;210830601A;15;0
1752;PENALVA;210830601A;16;0
1753;PENALVA;210830601A;17;0
1754;PENALVA;210830601A;18;0
1755;PENALVA;210830601A;19;0
1756;PENALVA;210830601A;20;0
1757;PENALVA;210830601A;21;0
1758;PENALVA;210830601A;22;0
1759;PENALVA;210830601A;23;0
1760;PENALVA;210830601A;24;0
1761;PENALVA;210830601A;25;0
1762;PENALVA;210830601A;26;0
1763;PENALVA;210830601A;27;0
1764;PENALVA;210830601A;28;0
1765;PENALVA;210830601A;29;0
1766;PENALVA;210830601A;30;0
1767;PENALVA;210830601A;31;0,2
1768;PERITORÓ;210845401A;1;13
1769;PERITORÓ;210845401A;2;0,2
1770;PERITORÓ;210845401A;3;1
1771;PERITORÓ;210845401A;4;2
1772;PERITORÓ;210845401A;5;6,2
1773;PERITORÓ;210845401A;6;3,2
1774;PERITORÓ;210845401A;7;0
1775;PERITORÓ;210845401A;8;0
1776;PERITORÓ;210845401A;9;0
1777;PERITORÓ;210845401A;10;0
1778;PERITORÓ;210845401A;11;0
1779;PERITORÓ;210845401A;12;0
1780;PERITORÓ;210845401A;13;0
1781;PERITORÓ;210845401A;14;24,2
1782;PERITORÓ;210845401A;15;14,6
1783;PERITORÓ;210845401A;16;0
1784;PERITORÓ;210845401A;17;11,4
1785;PERITORÓ;210845401A;18;0,4
1786;PERITORÓ;210845401A;19;0
1787;PERITORÓ;210845401A;20;0
1788;PERITORÓ;210845401A;21;0
1789;PERITORÓ;210845401A;22;0
1790;PERITORÓ;210845401A;23;0
1791;PERITORÓ;210845401A;24;0
1792;PERITORÓ;210845401A;25;0
1793;PERITORÓ;210845401A;26;0
1794;PERITORÓ;210845401A;27;0
1795;PERITORÓ;210845401A;28;0
1796;PERITORÓ;210845401A;29;0
1797;PERITORÓ;210845401A;30;0
1798;PERITORÓ;210845401A;31;0
1799;PINDARÉ-MIRIM;210850401A;1;43,8
1800;PINDARÉ-MIRIM;210850401A;2;0
1801;PINDARÉ-MIRIM;210850401A;3;0
1802;PINDARÉ-MIRIM;210850401A;4;0
1803;PINDARÉ-MIRIM;210850401A;5;13,8
1804;PINDARÉ-MIRIM;210850401A;6;27,2
1805;PINDARÉ-MIRIM;210850401A;7;0
1806;PINDARÉ-MIRIM;210850401A;8;4,2
1807;PINDARÉ-MIRIM;210850401A;9;0,4
1808;PINDARÉ-MIRIM;210850401A;10;0
1809;PINDARÉ-MIRIM;210850401A;11;0
1810;PINDARÉ-MIRIM;210850401A;12;0
1811;PINDARÉ-MIRIM;210850401A;13;0
1812;PINDARÉ-MIRIM;210850401A;14;1,6
1813;PINDARÉ-MIRIM;210850401A;15;29
1814;PINDARÉ-MIRIM;210850401A;16;0
1815;PINDARÉ-MIRIM;210850401A;17;4
1816;PINDARÉ-MIRIM;210850401A;18;0
1817;PINDARÉ-MIRIM;210850401A;19;0
1818;PINDARÉ-MIRIM;210850401A;20;1,6
1819;PINDARÉ-MIRIM;210850401A;21;0
1820;PINDARÉ-MIRIM;210850401A;22;0
1821;PINDARÉ-MIRIM;210850401A;23;0
1822;PINDARÉ-MIRIM;210850401A;24;0
1823;PINDARÉ-MIRIM;210850401A;25;0
1824;PINDARÉ-MIRIM;210850401A;26;0
1825;PINDARÉ-MIRIM;210850401A;27;0
1826;PINDARÉ-MIRIM;210850401A;28;0
1827;PINDARÉ-MIRIM;210850401A;29;0
1828;PINDARÉ-MIRIM;210850401A;30;0
1829;PINDARÉ-MIRIM;210850401A;31;0
1830;PIO XII;210870201A;1;5,6
1831;PIO XII;210870201A;2;0
1832;PIO XII;210870201A;3;7,8
1833;PIO XII;210870201A;4;0
1834;PIO XII;210870201A;5;2,2
1835;PIO XII;210870201A;6;2,6
1836;PIO XII;210870201A;7;0
1837;PIO XII;210870201A;8;4,8
1838;PIO XII;210870201A;9;0,6
1839;PIO XII;210870201A;10;0
1840;PIO XII;210870201A;11;0
1841;PIO XII;210870201A;12;0
1842;PIO XII;210870201A;13;0
1843;PIO XII;210870201A;14;0,2
1844;PIO XII;210870201A;15;1,2
1845;PIO XII;210870201A;16;1,8
1846;PIO XII;210870201A;17;0,2
1847;PIO XII;210870201A;18;0
1848;PIO XII;210870201A;19;0
1849;PIO XII;210870201A;20;0,8
1850;PIO XII;210870201A;21;0
1851;PIO XII;210870201A;22;0
1852;PIO XII;210870201A;23;0
1853;PIO XII;210870201A;24;0
1854;PIO XII;210870201A;25;0
1855;PIO XII;210870201A;26;0
1856;PIO XII;210870201A;27;0
1857;PIO XII;210870201A;28;0
1858;PIO XII;210870201A;29;0
1859;PIO XII;210870201A;30;0
1860;PIO XII;210870201A;31;0,2
1861;PIRAPEMAS;210880101A;1;44
1862;PIRAPEMAS;210880101A;2;0,2
1863;PIRAPEMAS;210880101A;3;0
1864;PIRAPEMAS;210880101A;4;14,4
1865;PIRAPEMAS;210880101A;5;1,2
1866;PIRAPEMAS;210880101A;6;14,2
1867;PIRAPEMAS;210880101A;7;7,4
1868;PIRAPEMAS;210880101A;8;0
1869;PIRAPEMAS;210880101A;9;0
1870;PIRAPEMAS;210880101A;10;0
1871;PIRAPEMAS;210880101A;11;0
1872;PIRAPEMAS;210880101A;12;0
1873;PIRAPEMAS;210880101A;13;0
1874;PIRAPEMAS;210880101A;14;6,2
1875;PIRAPEMAS;210880101A;15;23,6
1876;PIRAPEMAS;210880101A;16;0
1877;PIRAPEMAS;210880101A;17;11,8
1878;PIRAPEMAS;210880101A;18;3,2
1879;PIRAPEMAS;210880101A;19;4,8
1880;PIRAPEMAS;210880101A;20;2
1881;PIRAPEMAS;210880101A;21;0,2
1882;PIRAPEMAS;210880101A;22;0
1883;PIRAPEMAS;210880101A;23;0
1884;PIRAPEMAS;210880101A;24;0
1885;PIRAPEMAS;210880101A;25;0
1886;PIRAPEMAS;210880101A;26;0
1887;PIRAPEMAS;210880101A;27;0
1888;PIRAPEMAS;210880101A;28;0
1889;PIRAPEMAS;210880101A;29;0
1890;PIRAPEMAS;210880101A;30;0
1891;PIRAPEMAS;210880101A;31;0
1892;POÇÃO DE PEDRAS;210890001A;1;0
1893;POÇÃO DE PEDRAS;210890001A;2;0
1894;POÇÃO DE PEDRAS;210890001A;3;0
1895;POÇÃO DE PEDRAS;210890001A;4;0
1896;POÇÃO DE PEDRAS;210890001A;5;23,8
1897;POÇÃO DE PEDRAS;210890001A;6;0,8
1898;POÇÃO DE PEDRAS;210890001A;7;8,2
1899;POÇÃO DE PEDRAS;210890001A;8;13,6
1900;POÇÃO DE PEDRAS;210890001A;9;0,2
1901;POÇÃO DE PEDRAS;210890001A;10;0
1902;POÇÃO DE PEDRAS;210890001A;11;0
1903;POÇÃO DE PEDRAS;210890001A;12;0
1904;POÇÃO DE PEDRAS;210890001A;13;0
1905;POÇÃO DE PEDRAS;210890001A;14;16,2
1906;POÇÃO DE PEDRAS;210890001A;15;11,4
1907;POÇÃO DE PEDRAS;210890001A;16;0
1908;POÇÃO DE PEDRAS;210890001A;17;0,8
1909;POÇÃO DE PEDRAS;210890001A;18;4,2
1910;POÇÃO DE PEDRAS;210890001A;19;1
1911;POÇÃO DE PEDRAS;210890001A;20;0
1912;POÇÃO DE PEDRAS;210890001A;21;0
1913;POÇÃO DE PEDRAS;210890001A;22;0
1914;POÇÃO DE PEDRAS;210890001A;23;0
1915;POÇÃO DE PEDRAS;210890001A;24;0
1916;POÇÃO DE PEDRAS;210890001A;25;0
1917;POÇÃO DE PEDRAS;210890001A;26;0
1918;POÇÃO DE PEDRAS;210890001A;27;0
1919;POÇÃO DE PEDRAS;210890001A;28;0
1920;POÇÃO DE PEDRAS;210890001A;29;0
1921;POÇÃO DE PEDRAS;210890001A;30;0
1922;POÇÃO DE PEDRAS;210890001A;31;0
1923;PRESIDENTE DUTRA;210910601A;1;0
1924;PRESIDENTE DUTRA;210910601A;2;0
1925;PRESIDENTE DUTRA;210910601A;3;0
1926;PRESIDENTE DUTRA;210910601A;4;0
1927;PRESIDENTE DUTRA;210910601A;5;5,8
1928;PRESIDENTE DUTRA;210910601A;6;5
1929;PRESIDENTE DUTRA;210910601A;7;1
1930;PRESIDENTE DUTRA;210910601A;8;10,2
1931;PRESIDENTE DUTRA;210910601A;9;4,4
1932;PRESIDENTE DUTRA;210910601A;10;0
1933;PRESIDENTE DUTRA;210910601A;11;0
1934;PRESIDENTE DUTRA;210910601A;12;0
1935;PRESIDENTE DUTRA;210910601A;13;0
1936;PRESIDENTE DUTRA;210910601A;14;2,2
1937;PRESIDENTE DUTRA;210910601A;15;0,4
1938;PRESIDENTE DUTRA;210910601A;16;0
1939;PRESIDENTE DUTRA;210910601A;17;0
1940;PRESIDENTE DUTRA;210910601A;18;0
1941;PRESIDENTE DUTRA;210910601A;19;0
1942;PRESIDENTE DUTRA;210910601A;20;0
1943;PRESIDENTE DUTRA;210910601A;21;0
1944;PRESIDENTE DUTRA;210910601A;22;0
1945;PRESIDENTE DUTRA;210910601A;23;0
1946;PRESIDENTE DUTRA;210910601A;24;0
1947;PRESIDENTE DUTRA;210910601A;25;0
1948;PRESIDENTE DUTRA;210910601A;26;0
1949;PRESIDENTE DUTRA;210910601A;27;0
1950;PRESIDENTE DUTRA;210910601A;28;0
1951;PRESIDENTE DUTRA;210910601A;29;0
1952;PRESIDENTE DUTRA;210910601A;30;0
1953;PRESIDENTE DUTRA;210910601A;31;0
1954;PRESIDENTE VARGAS;210930401A;1;19,6
1955;PRESIDENTE VARGAS;210930401A;2;0,4
1956;PRESIDENTE VARGAS;210930401A;3;1,2
1957;PRESIDENTE VARGAS;210930401A;4;18,2
1958;PRESIDENTE VARGAS;210930401A;5;3,8
1959;PRESIDENTE VARGAS;210930401A;6;1,2
1960;PRESIDENTE VARGAS;210930401A;7;2,6
1961;PRESIDENTE VARGAS;210930401A;8;13
1962;PRESIDENTE VARGAS;210930401A;9;4,4
1963;PRESIDENTE VARGAS;210930401A;10;0
1964;PRESIDENTE VARGAS;210930401A;11;0
1965;PRESIDENTE VARGAS;210930401A;12;0
1966;PRESIDENTE VARGAS;210930401A;13;0
1967;PRESIDENTE VARGAS;210930401A;14;3,8
1968;PRESIDENTE VARGAS;210930401A;15;7
1969;PRESIDENTE VARGAS;210930401A;16;0
1970;PRESIDENTE VARGAS;210930401A;17;0
1971;PRESIDENTE VARGAS;210930401A;18;0,2
1972;PRESIDENTE VARGAS;210930401A;19;0
1973;PRESIDENTE VARGAS;210930401A;20;0
1974;PRESIDENTE VARGAS;210930401A;21;0
1975;PRESIDENTE VARGAS;210930401A;22;0
1976;PRESIDENTE VARGAS;210930401A;23;0
1977;PRESIDENTE VARGAS;210930401A;24;0
1978;PRESIDENTE VARGAS;210930401A;25;0
1979;PRESIDENTE VARGAS;210930401A;26;0
1980;PRESIDENTE VARGAS;210930401A;27;0
1981;PRESIDENTE VARGAS;210930401A;28;0
1982;PRESIDENTE VARGAS;210930401A;29;0
1983;PRESIDENTE VARGAS;210930401A;30;0
1984;PRESIDENTE VARGAS;210930401A;31;0
1985;RAPOSA;210945201A;1;6,6
1986;RAPOSA;210945201A;2;2
1987;RAPOSA;210945201A;3;0,4
1988;RAPOSA;210945201A;4;0,4
1989;RAPOSA;210945201A;5;0,2
1990;RAPOSA;210945201A;6;0,2
1991;RAPOSA;210945201A;7;0,2
1992;RAPOSA;210945201A;8;0,2
1993;RAPOSA;210945201A;9;0,2
1994;RAPOSA;210945201A;10;0,2
1995;RAPOSA;210945201A;11;0,2
1996;RAPOSA;210945201A;12;0,2
1997;RAPOSA;210945201A;13;0,2
1998;RAPOSA;210945201A;14;0,4
1999;RAPOSA;210945201A;15;0,4
2000;RAPOSA;210945201A;16;0,4
2001;RAPOSA;210945201A;17;0,4
2002;RAPOSA;210945201A;18;0,4
2003;RAPOSA;210945201A;19;0,2
2004;RAPOSA;210945201A;20;0,4
2005;RAPOSA;210945201A;21;2,6
2006;RAPOSA;210945201A;22;0,8
2007;RAPOSA;210945201A;23;4
2008;RAPOSA;210945201A;24;0,2
2009;RAPOSA;210945201A;25;0
2010;RAPOSA;210945201A;26;0
2011;RAPOSA;210945201A;27;0
2012;RAPOSA;210945201A;28;0
2013;RAPOSA;210945201A;29;2
2014;RAPOSA;210945201A;30;29,6
2015;RAPOSA;210945201A;31;3,4
2016;SANTA FILOMENA DO MARANHÃO;210975901A;1;0
2017;SANTA FILOMENA DO MARANHÃO;210975901A;2;0
2018;SANTA FILOMENA DO MARANHÃO;210975901A;3;0
2019;SANTA FILOMENA DO MARANHÃO;210975901A;4;0
2020;SANTA FILOMENA DO MARANHÃO;210975901A;5;8,2
2021;SANTA FILOMENA DO MARANHÃO;210975901A;6;20,2
2022;SANTA FILOMENA DO MARANHÃO;210975901A;7;0
2023;SANTA FILOMENA DO MARANHÃO;210975901A;8;5,8
2024;SANTA FILOMENA DO MARANHÃO;210975901A;9;0
2025;SANTA FILOMENA DO MARANHÃO;210975901A;10;0
2026;SANTA FILOMENA DO MARANHÃO;210975901A;11;0
2027;SANTA FILOMENA DO MARANHÃO;210975901A;12;0
2028;SANTA FILOMENA DO MARANHÃO;210975901A;13;0
2029;SANTA FILOMENA DO MARANHÃO;210975901A;14;0
2030;SANTA FILOMENA DO MARANHÃO;210975901A;15;0
2031;SANTA FILOMENA DO MARANHÃO;210975901A;16;0
2032;SANTA FILOMENA DO MARANHÃO;210975901A;17;0
2033;SANTA FILOMENA DO MARANHÃO;210975901A;18;0
2034;SANTA FILOMENA DO MARANHÃO;210975901A;19;0
2035;SANTA FILOMENA DO MARANHÃO;210975901A;20;0
2036;SANTA FILOMENA DO MARANHÃO;210975901A;21;0
2037;SANTA FILOMENA DO MARANHÃO;210975901A;22;0
2038;SANTA FILOMENA DO MARANHÃO;210975901A;23;1,2
2039;SANTA FILOMENA DO MARANHÃO;210975901A;24;0
2040;SANTA FILOMENA DO MARANHÃO;210975901A;25;0
2041;SANTA FILOMENA DO MARANHÃO;210975901A;26;0
2042;SANTA FILOMENA DO MARANHÃO;210975901A;27;0
2043;SANTA FILOMENA DO MARANHÃO;210975901A;28;0
2044;SANTA FILOMENA DO MARANHÃO;210975901A;29;0
2045;SANTA FILOMENA DO MARANHÃO;210975901A;30;0
2046;SANTA FILOMENA DO MARANHÃO;210975901A;31;0
2047;SANTA HELENA;210980901A;1;0
2048;SANTA HELENA;210980901A;2;0
2049;SANTA HELENA;210980901A;3;0
2050;SANTA HELENA;210980901A;4;0
2051;SANTA HELENA;210980901A;5;0
2052;SANTA HELENA;210980901A;6;0
2053;SANTA HELENA;210980901A;7;0
2054;SANTA HELENA;210980901A;8;0
2055;SANTA HELENA;210980901A;9;0
2056;SANTA HELENA;210980901A;10;0
2057;SANTA HELENA;210980901A;11;0
2058;SANTA HELENA;210980901A;12;0,2
2059;SANTA HELENA;210980901A;13;0
2060;SANTA HELENA;210980901A;14;0
2061;SANTA HELENA;210980901A;15;0
2062;SANTA HELENA;210980901A;16;0
2063;SANTA HELENA;210980901A;17;0
2064;SANTA HELENA;210980901A;18;0,2
2065;SANTA HELENA;210980901A;19;0
2066;SANTA HELENA;210980901A;20;0
2067;SANTA HELENA;210980901A;21;0
2068;SANTA HELENA;210980901A;22;0
2069;SANTA HELENA;210980901A;23;0
2070;SANTA HELENA;210980901A;24;0
2071;SANTA HELENA;210980901A;25;0,8
2072;SANTA HELENA;210980901A;26;0,4
2073;SANTA HELENA;210980901A;27;0
2074;SANTA HELENA;210980901A;28;0
2075;SANTA HELENA;210980901A;29;11,6
2076;SANTA HELENA;210980901A;30;19,4
2077;SANTA HELENA;210980901A;31;3,2
2078;SANTA LUZIA;211000501A;1;27,6
2079;SANTA LUZIA;211000501A;2;0
2080;SANTA LUZIA;211000501A;3;0
2081;SANTA LUZIA;211000501A;4;0
2082;SANTA LUZIA;211000501A;5;4,8
2083;SANTA LUZIA;211000501A;6;7,4
2084;SANTA LUZIA;211000501A;7;0
2085;SANTA LUZIA;211000501A;8;3,8
2086;SANTA LUZIA;211000501A;9;6,2
2087;SANTA LUZIA;211000501A;10;0
2088;SANTA LUZIA;211000501A;11;0
2089;SANTA LUZIA;211000501A;12;0
2090;SANTA LUZIA;211000501A;13;0
2091;SANTA LUZIA;211000501A;14;25,6
2092;SANTA LUZIA;211000501A;15;38,2
2093;SANTA LUZIA;211000501A;16;0,2
2094;SANTA LUZIA;211000501A;17;16,2
2095;SANTA LUZIA;211000501A;18;2,6
2096;SANTA LUZIA;211000501A;19;11,8
2097;SANTA LUZIA;211000501A;20;1
2098;SANTA LUZIA;211000501A;21;0,4
2099;SANTA LUZIA;211000501A;22;0
2100;SANTA LUZIA;211000501A;23;0
2101;SANTA LUZIA;211000501A;24;0
2102;SANTA LUZIA;211000501A;25;0
2103;SANTA LUZIA;211000501A;26;0
2104;SANTA LUZIA;211000501A;27;0
2105;SANTA LUZIA;211000501A;28;0
2106;SANTA LUZIA;211000501A;29;0
2107;SANTA LUZIA;211000501A;30;0
2108;SANTA LUZIA;211000501A;31;0
2109;SANTA QUITÉRIA DO MARANHÃO;211010401A;1;8
2110;SANTA QUITÉRIA DO MARANHÃO;211010401A;2;0
2111;SANTA QUITÉRIA DO MARANHÃO;211010401A;3;3,6
2112;SANTA QUITÉRIA DO MARANHÃO;211010401A;4;19,4
2113;SANTA QUITÉRIA DO MARANHÃO;211010401A;5;11,6
2114;SANTA QUITÉRIA DO MARANHÃO;211010401A;6;0,2
2115;SANTA QUITÉRIA DO MARANHÃO;211010401A;7;0
2116;SANTA QUITÉRIA DO MARANHÃO;211010401A;8;0,4
2117;SANTA QUITÉRIA DO MARANHÃO;211010401A;9;4
2118;SANTA QUITÉRIA DO MARANHÃO;211010401A;10;0
2119;SANTA QUITÉRIA DO MARANHÃO;211010401A;11;0
2120;SANTA QUITÉRIA DO MARANHÃO;211010401A;12;0
2121;SANTA QUITÉRIA DO MARANHÃO;211010401A;13;7
2122;SANTA QUITÉRIA DO MARANHÃO;211010401A;14;3,2
2123;SANTA QUITÉRIA DO MARANHÃO;211010401A;15;0,2
2124;SANTA QUITÉRIA DO MARANHÃO;211010401A;16;0
2125;SANTA QUITÉRIA DO MARANHÃO;211010401A;17;0
2126;SANTA QUITÉRIA DO MARANHÃO;211010401A;18;0
2127;SANTA QUITÉRIA DO MARANHÃO;211010401A;19;0
2128;SANTA QUITÉRIA DO MARANHÃO;211010401A;20;0
2129;SANTA QUITÉRIA DO MARANHÃO;211010401A;21;0,8
2130;SANTA QUITÉRIA DO MARANHÃO;211010401A;22;0
2131;SANTA QUITÉRIA DO MARANHÃO;211010401A;23;0
2132;SANTA QUITÉRIA DO MARANHÃO;211010401A;24;0
2133;SANTA QUITÉRIA DO MARANHÃO;211010401A;25;0
2134;SANTA QUITÉRIA DO MARANHÃO;211010401A;26;0
2135;SANTA QUITÉRIA DO MARANHÃO;211010401A;27;0
2136;SANTA QUITÉRIA DO MARANHÃO;211010401A;28;0
2137;SANTA QUITÉRIA DO MARANHÃO;211010401A;29;0
2138;SANTA QUITÉRIA DO MARANHÃO;211010401A;30;0
2139;SANTA QUITÉRIA DO MARANHÃO;211010401A;31;0
2140;SANTO AMARO DO MARANHÃO;211027802A;1;0
2141;SANTO AMARO DO MARANHÃO;211027802A;2;0
2142;SANTO AMARO DO MARANHÃO;211027802A;3;0
2143;SANTO AMARO DO MARANHÃO;211027802A;4;0
2144;SANTO AMARO DO MARANHÃO;211027802A;5;0
2145;SANTO AMARO DO MARANHÃO;211027802A;6;0
2146;SANTO AMARO DO MARANHÃO;211027802A;7;0
2147;SANTO AMARO DO MARANHÃO;211027802A;8;0
2148;SANTO AMARO DO MARANHÃO;211027802A;9;0
2149;SANTO AMARO DO MARANHÃO;211027802A;10;0
2150;SANTO AMARO DO MARANHÃO;211027802A;11;0
2151;SANTO AMARO DO MARANHÃO;211027802A;12;0
2152;SANTO AMARO DO MARANHÃO;211027802A;13;0
2153;SANTO AMARO DO MARANHÃO;211027802A;14;0
2154;SANTO AMARO DO MARANHÃO;211027802A;15;0
2155;SANTO AMARO DO MARANHÃO;211027802A;16;0
2156;SANTO AMARO DO MARANHÃO;211027802A;17;0
2157;SANTO AMARO DO MARANHÃO;211027802A;18;0
2158;SANTO AMARO DO MARANHÃO;211027802A;19;0
2159;SANTO AMARO DO MARANHÃO;211027802A;20;0
2160;SANTO AMARO DO MARANHÃO;211027802A;21;0
2161;SANTO AMARO DO MARANHÃO;211027802A;22;0
2162;SANTO AMARO DO MARANHÃO;211027802A;23;0
2163;SANTO AMARO DO MARANHÃO;211027802A;24;0
2164;SANTO AMARO DO MARANHÃO;211027802A;25;0
2165;SANTO AMARO DO MARANHÃO;211027802A;26;0
2166;SANTO AMARO DO MARANHÃO;211027802A;27;0
2167;SANTO AMARO DO MARANHÃO;211027802A;28;0
2168;SANTO AMARO DO MARANHÃO;211027802A;29;0
2169;SANTO AMARO DO MARANHÃO;211027802A;30;0
2170;SANTO AMARO DO MARANHÃO;211027802A;31;0
2171;SATUBINHA;211172201A;1;12,6
2172;SATUBINHA;211172201A;2;0
2173;SATUBINHA;211172201A;3;5,2
2174;SATUBINHA;211172201A;4;0
2175;SATUBINHA;211172201A;5;1,8
2176;SATUBINHA;211172201A;6;5,8
2177;SATUBINHA;211172201A;7;0,2
2178;SATUBINHA;211172201A;8;8,2
2179;SATUBINHA;211172201A;9;17,2
2180;SATUBINHA;211172201A;10;0
2181;SATUBINHA;211172201A;11;0
2182;SATUBINHA;211172201A;12;0
2183;SATUBINHA;211172201A;13;0
2184;SATUBINHA;211172201A;14;25,6
2185;SATUBINHA;211172201A;15;20,4
2186;SATUBINHA;211172201A;16;0,2
2187;SATUBINHA;211172201A;17;26
2188;SATUBINHA;211172201A;18;0,2
2189;SATUBINHA;211172201A;19;0,6
2190;SATUBINHA;211172201A;20;2,4
2191;SATUBINHA;211172201A;21;6,2
2192;SATUBINHA;211172201A;22;0,2
2193;SATUBINHA;211172201A;23;0
2194;SATUBINHA;211172201A;24;0
2195;SATUBINHA;211172201A;25;0
2196;SATUBINHA;211172201A;26;0
2197;SATUBINHA;211172201A;27;0
2198;SATUBINHA;211172201A;28;0
2199;SATUBINHA;211172201A;29;0
2200;SATUBINHA;211172201A;30;0
2201;SATUBINHA;211172201A;31;0
2202;SÃO FÉLIX DE BALSAS;211080701A;1;0
2203;SÃO FÉLIX DE BALSAS;211080701A;2;0
2204;SÃO FÉLIX DE BALSAS;211080701A;3;2,6
2205;SÃO FÉLIX DE BALSAS;211080701A;4;0
2206;SÃO FÉLIX DE BALSAS;211080701A;5;3,4
2207;SÃO FÉLIX DE BALSAS;211080701A;6;12,2
2208;SÃO FÉLIX DE BALSAS;211080701A;7;1,8
2209;SÃO FÉLIX DE BALSAS;211080701A;8;0
2210;SÃO FÉLIX DE BALSAS;211080701A;9;0
2211;SÃO FÉLIX DE BALSAS;211080701A;10;0
2212;SÃO FÉLIX DE BALSAS;211080701A;11;0
2213;SÃO FÉLIX DE BALSAS;211080701A;12;0
2214;SÃO FÉLIX DE BALSAS;211080701A;13;0
2215;SÃO FÉLIX DE BALSAS;211080701A;14;0
2216;SÃO FÉLIX DE BALSAS;211080701A;15;0
2217;SÃO FÉLIX DE BALSAS;211080701A;16;0,4
2218;SÃO FÉLIX DE BALSAS;211080701A;17;0
2219;SÃO FÉLIX DE BALSAS;211080701A;18;0
2220;SÃO FÉLIX DE BALSAS;211080701A;19;0
2221;SÃO FÉLIX DE BALSAS;211080701A;20;0
2222;SÃO FÉLIX DE BALSAS;211080701A;21;0
2223;SÃO FÉLIX DE BALSAS;211080701A;22;0
2224;SÃO FÉLIX DE BALSAS;211080701A;23;0
2225;SÃO FÉLIX DE BALSAS;211080701A;24;0
2226;SÃO FÉLIX DE BALSAS;211080701A;25;0
2227;SÃO FÉLIX DE BALSAS;211080701A;26;0
2228;SÃO FÉLIX DE BALSAS;211080701A;27;0
2229;SÃO FÉLIX DE BALSAS;211080701A;28;0
2230;SÃO FÉLIX DE BALSAS;211080701A;29;0
2231;SÃO FÉLIX DE BALSAS;211080701A;30;0
2232;SÃO FÉLIX DE BALSAS;211080701A;31;0
2233;SÃO LUÍS;211130002A;1;100,2
2234;SÃO LUÍS;211130002A;2;3,2
2235;SÃO LUÍS;211130002A;3;25,8
2236;SÃO LUÍS;211130002A;4;0,8
2237;SÃO LUÍS;211130002A;5;21,2
2238;SÃO LUÍS;211130002A;6;0,2
2239;SÃO LUÍS;211130002A;7;0
2240;SÃO LUÍS;211130002A;8;1,6
2241;SÃO LUÍS;211130002A;9;0,2
2242;SÃO LUÍS;211130002A;10;20,4
2243;SÃO LUÍS;211130002A;11;2,4
2244;SÃO LUÍS;211130002A;12;8,8
2245;SÃO LUÍS;211130002A;13;0
2246;SÃO LUÍS;211130002A;14;9,8
2247;SÃO LUÍS;211130002A;15;18
2248;SÃO LUÍS;211130002A;16;0
2249;SÃO LUÍS;211130002A;17;0,8
2250;SÃO LUÍS;211130002A;18;0,2
2251;SÃO LUÍS;211130002A;19;4,2
2252;SÃO LUÍS;211130002A;20;4,2
2253;SÃO LUÍS;211130002A;21;0
2254;SÃO LUÍS;211130002A;22;0
2255;SÃO LUÍS;211130002A;23;0
2256;SÃO LUÍS;211130002A;24;0
2257;SÃO LUÍS;211130002A;25;0
2258;SÃO LUÍS;211130002A;26;0
2259;SÃO LUÍS;211130002A;27;0
2260;SÃO LUÍS;211130002A;28;0
2261;SÃO LUÍS;211130002A;29;10,6
2262;SÃO LUÍS;211130002A;30;16,4
2263;SÃO LUÍS;211130002A;31;0,2
2264;SÃO LUÍS;211130003A;1;75,4
2265;SÃO LUÍS;211130003A;2;0,4
2266;SÃO LUÍS;211130003A;3;35,2
2267;SÃO LUÍS;211130003A;4;5,6
2268;SÃO LUÍS;211130003A;5;36
2269;SÃO LUÍS;211130003A;6;3
2270;SÃO LUÍS;211130003A;7;0,2
2271;SÃO LUÍS;211130003A;8;5,2
2272;SÃO LUÍS;211130003A;9;0,6
2273;SÃO LUÍS;211130003A;10;5,6
2274;SÃO LUÍS;211130003A;11;6,2
2275;SÃO LUÍS;211130003A;12;15,2
2276;SÃO LUÍS;211130003A;13;0,8
2277;SÃO LUÍS;211130003A;14;29,4
2278;SÃO LUÍS;211130003A;15;16,8
2279;SÃO LUÍS;211130003A;16;0
2280;SÃO LUÍS;211130003A;17;15,8
2281;SÃO LUÍS;211130003A;18;17,6
2282;SÃO LUÍS;211130003A;19;3,8
2283;SÃO LUÍS;211130003A;20;0,6
2284;SÃO LUÍS;211130003A;21;0,2
2285;SÃO LUÍS;211130003A;22;0
2286;SÃO LUÍS;211130003A;23;0
2287;SÃO LUÍS;211130003A;24;0
2288;SÃO LUÍS;211130003A;25;0
2289;SÃO LUÍS;211130003A;26;0
2290;SÃO LUÍS;211130003A;27;0
2291;SÃO LUÍS;211130003A;28;0
2292;SÃO LUÍS;211130003A;29;5,2
2293;SÃO LUÍS;211130003A;30;16,8
2294;SÃO LUÍS;211130003A;31;0
2295;SÃO LUÍS;211130004A;1;56,4
2296;SÃO LUÍS;211130004A;2;18,6
2297;SÃO LUÍS;211130004A;3;21,8
2298;SÃO LUÍS;211130004A;4;10,2
2299;SÃO LUÍS;211130004A;5;21,2
2300;SÃO LUÍS;211130004A;6;2,8
2301;SÃO LUÍS;211130004A;7;0
2302;SÃO LUÍS;211130004A;8;0,8
2303;SÃO LUÍS;211130004A;9;18,8
2304;SÃO LUÍS;211130004A;10;32,4
2305;SÃO LUÍS;211130004A;11;29,4
2306;SÃO LUÍS;211130004A;12;57,2
2307;SÃO LUÍS;211130004A;13;14,2
2308;SÃO LUÍS;211130004A;14;20,6
2309;SÃO LUÍS;211130004A;15;26,2
2310;SÃO LUÍS;211130004A;16;0
2311;SÃO LUÍS;211130004A;17;10
2312;SÃO LUÍS;211130004A;18;86,4
2313;SÃO LUÍS;211130004A;19;8,6
2314;SÃO LUÍS;211130004A;20;0,2
2315;SÃO LUÍS;211130004A;21;0
2316;SÃO LUÍS;211130004A;22;0
2317;SÃO LUÍS;211130004A;23;0
2318;SÃO LUÍS;211130004A;24;0
2319;SÃO LUÍS;211130004A;25;0
2320;SÃO LUÍS;211130004A;26;0
2321;SÃO LUÍS;211130004A;27;0
2322;SÃO LUÍS;211130004A;28;0,2
2323;SÃO LUÍS;211130004A;29;8,2
2324;SÃO LUÍS;211130004A;30;28
2325;SÃO LUÍS;211130004A;31;9
2326;SÃO LUÍS;211130005A;1;63,6
2327;SÃO LUÍS;211130005A;2;0,6
2328;SÃO LUÍS;211130005A;3;5,8
2329;SÃO LUÍS;211130005A;4;2,4
2330;SÃO LUÍS;211130005A;5;52,4
2331;SÃO LUÍS;211130005A;6;16,6
2332;SÃO LUÍS;211130005A;7;1,2
2333;SÃO LUÍS;211130005A;8;22,6
2334;SÃO LUÍS;211130005A;9;3,6
2335;SÃO LUÍS;211130005A;10;6,4
2336;SÃO LUÍS;211130005A;11;17,8
2337;SÃO LUÍS;211130005A;12;7,4
2338;SÃO LUÍS;211130005A;13;0
2339;SÃO LUÍS;211130005A;14;11,6
2340;SÃO LUÍS;211130005A;15;17,4
2341;SÃO LUÍS;211130005A;16;0
2342;SÃO LUÍS;211130005A;17;0
2343;SÃO LUÍS;211130005A;18;2,4
2344;SÃO LUÍS;211130005A;19;18,6
2345;SÃO LUÍS;211130005A;20;2,6
2346;SÃO LUÍS;211130005A;21;0,2
2347;SÃO LUÍS;211130005A;22;0
2348;SÃO LUÍS;211130005A;23;0
2349;SÃO LUÍS;211130005A;24;0
2350;SÃO LUÍS;211130005A;25;0
2351;SÃO LUÍS;211130005A;26;0
2352;SÃO LUÍS;211130005A;27;0
2353;SÃO LUÍS;211130005A;28;0,6
2354;SÃO LUÍS;211130005A;29;4,8
2355;SÃO LUÍS;211130005A;30;14,8
2356;SÃO LUÍS;211130005A;31;0,2
2357;SÃO LUÍS;211130006A;1;77,6
2358;SÃO LUÍS;211130006A;2;31
2359;SÃO LUÍS;211130006A;3;10,8
2360;SÃO LUÍS;211130006A;4;1,4
2361;SÃO LUÍS;211130006A;5;24,6
2362;SÃO LUÍS;211130006A;6;0
2363;SÃO LUÍS;211130006A;7;0
2364;SÃO LUÍS;211130006A;8;11
2365;SÃO LUÍS;211130006A;9;2,6
2366;SÃO LUÍS;211130006A;10;22
2367;SÃO LUÍS;211130006A;11;5,4
2368;SÃO LUÍS;211130006A;12;21,8
2369;SÃO LUÍS;211130006A;13;0
2370;SÃO LUÍS;211130006A;14;10,4
2371;SÃO LUÍS;211130006A;15;19,8
2372;SÃO LUÍS;211130006A;16;0
2373;SÃO LUÍS;211130006A;17;6
2374;SÃO LUÍS;211130006A;18;7
2375;SÃO LUÍS;211130006A;19;3
2376;SÃO LUÍS;211130006A;20;3,2
2377;SÃO LUÍS;211130006A;21;0
2378;SÃO LUÍS;211130006A;22;0
2379;SÃO LUÍS;211130006A;23;0
2380;SÃO LUÍS;211130006A;24;0
2381;SÃO LUÍS;211130006A;25;0
2382;SÃO LUÍS;211130006A;26;0
2383;SÃO LUÍS;211130006A;27;0
2384;SÃO LUÍS;211130006A;28;0
2385;SÃO LUÍS;211130006A;29;7
2386;SÃO LUÍS;211130006A;30;35,8
2387;SÃO LUÍS;211130006A;31;0,6
2388;SÃO LUÍS;211130007A;1;93,6
2389;SÃO LUÍS;211130007A;2;22,6
2390;SÃO LUÍS;211130007A;3;19
2391;SÃO LUÍS;211130007A;4;0
2392;SÃO LUÍS;211130007A;5;12
2393;SÃO LUÍS;211130007A;6;0,4
2394;SÃO LUÍS;211130007A;7;0
2395;SÃO LUÍS;211130007A;8;3,2
2396;SÃO LUÍS;211130007A;9;2,6
2397;SÃO LUÍS;211130007A;10;14,6
2398;SÃO LUÍS;211130007A;11;2,8
2399;SÃO LUÍS;211130007A;12;11,8
2400;SÃO LUÍS;211130007A;13;0
2401;SÃO LUÍS;211130007A;14;12,2
2402;SÃO LUÍS;211130007A;15;23,8
2403;SÃO LUÍS;211130007A;16;0
2404;SÃO LUÍS;211130007A;17;0,2
2405;SÃO LUÍS;211130007A;18;1,6
2406;SÃO LUÍS;211130007A;19;3
2407;SÃO LUÍS;211130007A;20;6,6
2408;SÃO LUÍS;211130007A;21;0
2409;SÃO LUÍS;211130007A;22;0
2410;SÃO LUÍS;211130007A;23;0
2411;SÃO LUÍS;211130007A;24;0
2412;SÃO LUÍS;211130007A;25;0
2413;SÃO LUÍS;211130007A;26;2,4
2414;SÃO LUÍS;211130007A;27;0
2415;SÃO LUÍS;211130007A;28;0
2416;SÃO LUÍS;211130007A;29;10
2417;SÃO LUÍS;211130007A;30;22
2418;SÃO LUÍS;211130007A;31;11,8
2419;SÃO LUÍS;211130008A;1;105,8
2420;SÃO LUÍS;211130008A;2;0,4
2421;SÃO LUÍS;211130008A;3;71,2
2422;SÃO LUÍS;211130008A;4;19,2
2423;SÃO LUÍS;211130008A;5;48
2424;SÃO LUÍS;211130008A;6;1,8
2425;SÃO LUÍS;211130008A;7;0
2426;SÃO LUÍS;211130008A;8;3,8
2427;SÃO LUÍS;211130008A;9;0
2428;SÃO LUÍS;211130008A;10;25,6
2429;SÃO LUÍS;211130008A;11;1
2430;SÃO LUÍS;211130008A;12;17
2431;SÃO LUÍS;211130008A;13;0
2432;SÃO LUÍS;211130008A;14;18,6
2433;SÃO LUÍS;211130008A;15;17,2
2434;SÃO LUÍS;211130008A;16;0
2435;SÃO LUÍS;211130008A;17;6,2
2436;SÃO LUÍS;211130008A;18;0,2
2437;SÃO LUÍS;211130008A;19;3,6
2438;SÃO LUÍS;211130008A;20;2,6
2439;SÃO LUÍS;211130008A;21;0
2440;SÃO LUÍS;211130008A;22;0
2441;SÃO LUÍS;211130008A;23;0
2442;SÃO LUÍS;211130008A;24;0
2443;SÃO LUÍS;211130008A;25;0
2444;SÃO LUÍS;211130008A;26;0
2445;SÃO LUÍS;211130008A;27;0
2446;SÃO LUÍS;211130008A;28;0
2447;SÃO LUÍS;211130008A;29;28,8
2448;SÃO LUÍS;211130008A;30;12,4
2449;SÃO LUÍS;211130008A;31;0,2
2450;SÃO LUÍS;211130009A;1;49,6
2451;SÃO LUÍS;211130009A;2;0,6
2452;SÃO LUÍS;211130009A;3;21,2
2453;SÃO LUÍS;211130009A;4;1,4
2454;SÃO LUÍS;211130009A;5;36,4
2455;SÃO LUÍS;211130009A;6;14,4
2456;SÃO LUÍS;211130009A;7;0,6
2457;SÃO LUÍS;211130009A;8;18,4
2458;SÃO LUÍS;211130009A;9;16,2
2459;SÃO LUÍS;211130009A;10;5
2460;SÃO LUÍS;211130009A;11;17,4
2461;SÃO LUÍS;211130009A;12;11,4
2462;SÃO LUÍS;211130009A;13;2,8
2463;SÃO LUÍS;211130009A;14;18,2
2464;SÃO LUÍS;211130009A;15;18
2465;SÃO LUÍS;211130009A;16;0
2466;SÃO LUÍS;211130009A;17;0
2467;SÃO LUÍS;211130009A;18;19
2468;SÃO LUÍS;211130009A;19;12,8
2469;SÃO LUÍS;211130009A;20;1,2
2470;SÃO LUÍS;211130009A;21;0,2
2471;SÃO LUÍS;211130009A;22;0
2472;SÃO LUÍS;211130009A;23;0
2473;SÃO LUÍS;211130009A;24;0
2474;SÃO LUÍS;211130009A;25;0
2475;SÃO LUÍS;211130009A;26;0
2476;SÃO LUÍS;211130009A;27;0
2477;SÃO LUÍS;211130009A;28;1
2478;SÃO LUÍS;211130009A;29;0,8
2479;SÃO LUÍS;211130009A;30;2,4
2480;SÃO LUÍS;211130009A;31;0,4
2481;SÃO LUÍS;211130010A;1;33,2
2482;SÃO LUÍS;211130010A;2;0,8
2483;SÃO LUÍS;211130010A;3;1,2
2484;SÃO LUÍS;211130010A;4;12,6
2485;SÃO LUÍS;211130010A;5;27,2
2486;SÃO LUÍS;211130010A;6;14
2487;SÃO LUÍS;211130010A;7;0,2
2488;SÃO LUÍS;211130010A;8;1,6
2489;SÃO LUÍS;211130010A;9;0
2490;SÃO LUÍS;211130010A;10;3,2
2491;SÃO LUÍS;211130010A;11;20,4
2492;SÃO LUÍS;211130010A;12;27,2
2493;SÃO LUÍS;211130010A;13;7,8
2494;SÃO LUÍS;211130010A;14;13,8
2495;SÃO LUÍS;211130010A;15;36,8
2496;SÃO LUÍS;211130010A;16;0
2497;SÃO LUÍS;211130010A;17;8
2498;SÃO LUÍS;211130010A;18;5
2499;SÃO LUÍS;211130010A;19;9
2500;SÃO LUÍS;211130010A;20;0,2
2501;SÃO LUÍS;211130010A;21;1,8
2502;SÃO LUÍS;211130010A;22;0,2
2503;SÃO LUÍS;211130010A;23;0
2504;SÃO LUÍS;211130010A;24;0
2505;SÃO LUÍS;211130010A;25;0
2506;SÃO LUÍS;211130010A;26;1
2507;SÃO LUÍS;211130010A;27;0,2
2508;SÃO LUÍS;211130010A;28;0,2
2509;SÃO LUÍS;211130010A;29;4,8
2510;SÃO LUÍS;211130010A;30;5,6
2511;SÃO LUÍS;211130010A;31;0
2512;SÃO LUÍS GONZAGA DO MARANHÃO;211140901A;1;1,6
2513;SÃO LUÍS GONZAGA DO MARANHÃO;211140901A;2;0
2514;SÃO LUÍS GONZAGA DO MARANHÃO;211140901A;3;7,6
2515;SÃO LUÍS GONZAGA DO MARANHÃO;211140901A;4;0,2
2516;SÃO LUÍS GONZAGA DO MARANHÃO;211140901A;5;1,4
2517;SÃO LUÍS GONZAGA DO MARANHÃO;211140901A;6;6,4
2518;SÃO LUÍS GONZAGA DO MARANHÃO;211140901A;7;34,2
2519;SÃO LUÍS GONZAGA DO MARANHÃO;211140901A;8;24,4
2520;SÃO LUÍS GONZAGA DO MARANHÃO;211140901A;9;4,6
2521;SÃO LUÍS GONZAGA DO MARANHÃO;211140901A;10;0
2522;SÃO LUÍS GONZAGA DO MARANHÃO;211140901A;11;0
2523;SÃO LUÍS GONZAGA DO MARANHÃO;211140901A;12;0
2524;SÃO LUÍS GONZAGA DO MARANHÃO;211140901A;13;0
2525;SÃO LUÍS GONZAGA DO MARANHÃO;211140901A;14;24,2
2526;SÃO LUÍS GONZAGA DO MARANHÃO;211140901A;15;23,6
2527;SÃO LUÍS GONZAGA DO MARANHÃO;211140901A;16;0
2528;SÃO LUÍS GONZAGA DO MARANHÃO;211140901A;17;3,8
2529;SÃO LUÍS GONZAGA DO MARANHÃO;211140901A;18;0
2530;SÃO LUÍS GONZAGA DO MARANHÃO;211140901A;19;0
2531;SÃO LUÍS GONZAGA DO MARANHÃO;211140901A;20;4
2532;SÃO LUÍS GONZAGA DO MARANHÃO;211140901A;21;0
2533;SÃO LUÍS GONZAGA DO MARANHÃO;211140901A;22;0
2534;SÃO LUÍS GONZAGA DO MARANHÃO;211140901A;23;0
2535;SÃO LUÍS GONZAGA DO MARANHÃO;211140901A;24;0
2536;SÃO LUÍS GONZAGA DO MARANHÃO;211140901A;25;0
2537;SÃO LUÍS GONZAGA DO MARANHÃO;211140901A;26;0
2538;SÃO LUÍS GONZAGA DO MARANHÃO;211140901A;27;0
2539;SÃO LUÍS GONZAGA DO MARANHÃO;211140901A;28;0
2540;SÃO LUÍS GONZAGA DO MARANHÃO;211140901A;29;0
2541;SÃO LUÍS GONZAGA DO MARANHÃO;211140901A;30;0
2542;SÃO LUÍS GONZAGA DO MARANHÃO;211140901A;31;0
2543;SÃO MATEUS DO MARANHÃO;211150801A;1;32,8
2544;SÃO MATEUS DO MARANHÃO;211150801A;2;0,2
2545;SÃO MATEUS DO MARANHÃO;211150801A;3;0
2546;SÃO MATEUS DO MARANHÃO;211150801A;4;0,2
2547;SÃO MATEUS DO MARANHÃO;211150801A;5;10,2
2548;SÃO MATEUS DO MARANHÃO;211150801A;6;6
2549;SÃO MATEUS DO MARANHÃO;211150801A;7;3,4
2550;SÃO MATEUS DO MARANHÃO;211150801A;8;0,6
2551;SÃO MATEUS DO MARANHÃO;211150801A;9;0,6
2552;SÃO MATEUS DO MARANHÃO;211150801A;10;0
2553;SÃO MATEUS DO MARANHÃO;211150801A;11;0
2554;SÃO MATEUS DO MARANHÃO;211150801A;12;0
2555;SÃO MATEUS DO MARANHÃO;211150801A;13;0
2556;SÃO MATEUS DO MARANHÃO;211150801A;14;31,4
2557;SÃO MATEUS DO MARANHÃO;211150801A;15;16,2
2558;SÃO MATEUS DO MARANHÃO;211150801A;16;0
2559;SÃO MATEUS DO MARANHÃO;211150801A;17;4,2
2560;SÃO MATEUS DO MARANHÃO;211150801A;18;1
2561;SÃO MATEUS DO MARANHÃO;211150801A;19;7,6
2562;SÃO MATEUS DO MARANHÃO;211150801A;20;0,6
2563;SÃO MATEUS DO MARANHÃO;211150801A;21;0,2
2564;SÃO MATEUS DO MARANHÃO;211150801A;22;0
2565;SÃO MATEUS DO MARANHÃO;211150801A;23;0
2566;SÃO MATEUS DO MARANHÃO;211150801A;24;0
2567;SÃO MATEUS DO MARANHÃO;211150801A;25;0
2568;SÃO MATEUS DO MARANHÃO;211150801A;26;0
2569;SÃO MATEUS DO MARANHÃO;211150801A;27;0
2570;SÃO MATEUS DO MARANHÃO;211150801A;28;0
2571;SÃO MATEUS DO MARANHÃO;211150801A;29;0
2572;SÃO MATEUS DO MARANHÃO;211150801A;30;0
2573;SÃO MATEUS DO MARANHÃO;211150801A;31;0
2574;SÃO PEDRO DA ÁGUA BRANCA;211153202A;1;0
2575;SÃO PEDRO DA ÁGUA BRANCA;211153202A;2;0
2576;SÃO PEDRO DA ÁGUA BRANCA;211153202A;3;0
2577;SÃO PEDRO DA ÁGUA BRANCA;211153202A;4;10,04
2578;SÃO PEDRO DA ÁGUA BRANCA;211153202A;5;25,21
2579;SÃO PEDRO DA ÁGUA BRANCA;211153202A;6;23,27
2580;SÃO PEDRO DA ÁGUA BRANCA;211153202A;7;10,84
2581;SÃO PEDRO DA ÁGUA BRANCA;211153202A;8;0
2582;SÃO PEDRO DA ÁGUA BRANCA;211153202A;9;0
2583;SÃO PEDRO DA ÁGUA BRANCA;211153202A;10;0
2584;SÃO PEDRO DA ÁGUA BRANCA;211153202A;11;0
2585;SÃO PEDRO DA ÁGUA BRANCA;211153202A;12;0
2586;SÃO PEDRO DA ÁGUA BRANCA;211153202A;13;0
2587;SÃO PEDRO DA ÁGUA BRANCA;211153202A;14;0
2588;SÃO PEDRO DA ÁGUA BRANCA;211153202A;15;5,31
2589;SÃO PEDRO DA ÁGUA BRANCA;211153202A;16;0
2590;SÃO PEDRO DA ÁGUA BRANCA;211153202A;17;0
2591;SÃO PEDRO DA ÁGUA BRANCA;211153202A;18;1,38
2592;SÃO PEDRO DA ÁGUA BRANCA;211153202A;19;1,97
2593;SÃO PEDRO DA ÁGUA BRANCA;211153202A;20;0,2
2594;SÃO PEDRO DA ÁGUA BRANCA;211153202A;21;0
2595;SÃO PEDRO DA ÁGUA BRANCA;211153202A;22;1,37
2596;SÃO PEDRO DA ÁGUA BRANCA;211153202A;23;0,2
2597;SÃO PEDRO DA ÁGUA BRANCA;211153202A;24;0
2598;SÃO PEDRO DA ÁGUA BRANCA;211153202A;25;0
2599;SÃO PEDRO DA ÁGUA BRANCA;211153202A;26;0
2600;SÃO PEDRO DA ÁGUA BRANCA;211153202A;27;0
2601;SÃO PEDRO DA ÁGUA BRANCA;211153202A;28;0
2602;SÃO PEDRO DA ÁGUA BRANCA;211153202A;29;0
2603;SÃO PEDRO DA ÁGUA BRANCA;211153202A;30;0
2604;SÃO PEDRO DA ÁGUA BRANCA;211153202A;31;0
2605;TIMBIRAS;211210001A;1;12,8
2606;TIMBIRAS;211210001A;2;0,2
2607;TIMBIRAS;211210001A;3;1,2
2608;TIMBIRAS;211210001A;4;32,2
2609;TIMBIRAS;211210001A;5;20,4
2610;TIMBIRAS;211210001A;6;1,4
2611;TIMBIRAS;211210001A;7;0,6
2612;TIMBIRAS;211210001A;8;0,2
2613;TIMBIRAS;211210001A;9;0
2614;TIMBIRAS;211210001A;10;0
2615;TIMBIRAS;211210001A;11;0
2616;TIMBIRAS;211210001A;12;0
2617;TIMBIRAS;211210001A;13;0
2618;TIMBIRAS;211210001A;14;51
2619;TIMBIRAS;211210001A;15;10,2
2620;TIMBIRAS;211210001A;16;0
2621;TIMBIRAS;211210001A;17;0
2622;TIMBIRAS;211210001A;18;0,4
2623;TIMBIRAS;211210001A;19;0
2624;TIMBIRAS;211210001A;20;0
2625;TIMBIRAS;211210001A;21;0
2626;TIMBIRAS;211210001A;22;0
2627;TIMBIRAS;211210001A;23;0
2628;TIMBIRAS;211210001A;24;0
2629;TIMBIRAS;211210001A;25;0
2630;TIMBIRAS;211210001A;26;0
2631;TIMBIRAS;211210001A;27;0
2632;TIMBIRAS;211210001A;28;0
2633;TIMBIRAS;211210001A;29;0
2634;TIMBIRAS;211210001A;30;0
2635;TIMBIRAS;211210001A;31;0
2636;TIMON;211220901A;1;0
2637;TIMON;211220901A;2;0
2638;TIMON;211220901A;3;7
2639;TIMON;211220901A;4;0
2640;TIMON;211220901A;5;3,8
2641;TIMON;211220901A;6;0,6
2642;TIMON;211220901A;7;13,8
2643;TIMON;211220901A;8;0
2644;TIMON;211220901A;9;0
2645;TIMON;211220901A;10;0
2646;TIMON;211220901A;11;0
2647;TIMON;211220901A;12;0
2648;TIMON;211220901A;13;0
2649;TIMON;211220901A;14;23,6
2650;TIMON;211220901A;15;14,4
2651;TIMON;211220901A;16;0
2652;TIMON;211220901A;17;0,2
2653;TIMON;211220901A;18;0,8
2654;TIMON;211220901A;19;0
2655;TIMON;211220901A;20;0
2656;TIMON;211220901A;21;0
2657;TIMON;211220901A;22;0
2658;TIMON;211220901A;23;0
2659;TIMON;211220901A;24;0
2660;TIMON;211220901A;25;0
2661;TIMON;211220901A;26;0
2662;TIMON;211220901A;27;0
2663;TIMON;211220901A;28;0
2664;TIMON;211220901A;29;0
2665;TIMON;211220901A;30;0
2666;TIMON;211220901A;31;0
2667;TRIZIDELA DO VALE;211223301A;1;0
2668;TRIZIDELA DO VALE;211223301A;2;0
2669;TRIZIDELA DO VALE;211223301A;3;0,4
2670;TRIZIDELA DO VALE;211223301A;4;0
2671;TRIZIDELA DO VALE;211223301A;5;0
2672;TRIZIDELA DO VALE;211223301A;6;0
2673;TRIZIDELA DO VALE;211223301A;7;0
2674;TRIZIDELA DO VALE;211223301A;8;0,2
2675;TRIZIDELA DO VALE;211223301A;9;0
2676;TRIZIDELA DO VALE;211223301A;10;0
2677;TRIZIDELA DO VALE;211223301A;11;0,2
2678;TRIZIDELA DO VALE;211223301A;12;0
2679;TRIZIDELA DO VALE;211223301A;13;0
2680;TRIZIDELA DO VALE;211223301A;14;0
2681;TRIZIDELA DO VALE;211223301A;15;0
2682;TRIZIDELA DO VALE;211223301A;16;0,2
2683;TRIZIDELA DO VALE;211223301A;17;0
2684;TRIZIDELA DO VALE;211223301A;18;0
2685;TRIZIDELA DO VALE;211223301A;19;0,2
2686;TRIZIDELA DO VALE;211223301A;20;0
2687;TRIZIDELA DO VALE;211223301A;21;0
2688;TRIZIDELA DO VALE;211223301A;22;0
2689;TRIZIDELA DO VALE;211223301A;23;0,2
2690;TRIZIDELA DO VALE;211223301A;24;0
2691;TRIZIDELA DO VALE;211223301A;25;0
2692;TRIZIDELA DO VALE;211223301A;26;0,2
2693;TRIZIDELA DO VALE;211223301A;27;0
2694;TRIZIDELA DO VALE;211223301A;28;0
2695;TRIZIDELA DO VALE;211223301A;29;0
2696;TRIZIDELA DO VALE;211223301A;30;0
2697;TRIZIDELA DO VALE;211223301A;31;0
2698;TUFILÂNDIA;211227401A;1;57,2
2699;TUFILÂNDIA;211227401A;2;0
2700;TUFILÂNDIA;211227401A;3;0
2701;TUFILÂNDIA;211227401A;4;0
2702;TUFILÂNDIA;211227401A;5;3,4
2703;TUFILÂNDIA;211227401A;6;8,6
2704;TUFILÂNDIA;211227401A;7;0
2705;TUFILÂNDIA;211227401A;8;26,2
2706;TUFILÂNDIA;211227401A;9;11,8
2707;TUFILÂNDIA;211227401A;10;0
2708;TUFILÂNDIA;211227401A;11;0
2709;TUFILÂNDIA;211227401A;12;0
2710;TUFILÂNDIA;211227401A;13;0
2711;TUFILÂNDIA;211227401A;14;0
2712;TUFILÂNDIA;211227401A;15;40,8
2713;TUFILÂNDIA;211227401A;16;0,6
2714;TUFILÂNDIA;211227401A;17;1,2
2715;TUFILÂNDIA;211227401A;18;0
2716;TUFILÂNDIA;211227401A;19;0
2717;TUFILÂNDIA;211227401A;20;2,4
2718;TUFILÂNDIA;211227401A;21;0
2719;TUFILÂNDIA;211227401A;22;0
2720;TUFILÂNDIA;211227401A;23;0
2721;TUFILÂNDIA;211227401A;24;0
2722;TUFILÂNDIA;211227401A;25;0
2723;TUFILÂNDIA;211227401A;26;0
2724;TUFILÂNDIA;211227401A;27;0
2725;TUFILÂNDIA;211227401A;28;0
2726;TUFILÂNDIA;211227401A;29;0
2727;TUFILÂNDIA;211227401A;30;0
2728;TUFILÂNDIA;211227401A;31;0
2729;TURILÂNDIA;211245601A;1;0,2
2730;TURILÂNDIA;211245601A;2;0,4
2731;TURILÂNDIA;211245601A;3;0,2
2732;TURILÂNDIA;211245601A;4;40,8
2733;TURILÂNDIA;211245601A;5;0,8
2734;TURILÂNDIA;211245601A;6;0
2735;TURILÂNDIA;211245601A;7;6,8
2736;TURILÂNDIA;211245601A;8;16,6
2737;TURILÂNDIA;211245601A;9;3,4
2738;TURILÂNDIA;211245601A;10;1
2739;TURILÂNDIA;211245601A;11;6,6
2740;TURILÂNDIA;211245601A;12;31,4
2741;TURILÂNDIA;211245601A;13;6,6
2742;TURILÂNDIA;211245601A;14;0,2
2743;TURILÂNDIA;211245601A;15;0,4
2744;TURILÂNDIA;211245601A;16;1,2
2745;TURILÂNDIA;211245601A;17;1
2746;TURILÂNDIA;211245601A;18;0,2
2747;TURILÂNDIA;211245601A;19;0,2
2748;TURILÂNDIA;211245601A;20;0,8
2749;TURILÂNDIA;211245601A;21;0,6
2750;TURILÂNDIA;211245601A;22;0,2
2751;TURILÂNDIA;211245601A;23;0,2
2752;TURILÂNDIA;211245601A;24;0
2753;TURILÂNDIA;211245601A;25;0
2754;TURILÂNDIA;211245601A;26;0
2755;TURILÂNDIA;211245601A;27;0
2756;TURILÂNDIA;211245601A;28;0
2757;TURILÂNDIA;211245601A;29;8,4
2758;TURILÂNDIA;211245601A;30;1,4
2759;TURILÂNDIA;211245601A;31;0,6
2760;VARGEM GRANDE;211270401A;1;28
2761;VARGEM GRANDE;211270401A;2;0
2762;VARGEM GRANDE;211270401A;3;2
2763;VARGEM GRANDE;211270401A;4;30,6
2764;VARGEM GRANDE;211270401A;5;52,8
2765;VARGEM GRANDE;211270401A;6;1,2
2766;VARGEM GRANDE;211270401A;7;5
2767;VARGEM GRANDE;211270401A;8;3,6
2768;VARGEM GRANDE;211270401A;9;0
2769;VARGEM GRANDE;211270401A;10;0
2770;VARGEM GRANDE;211270401A;11;0
2771;VARGEM GRANDE;211270401A;12;0
2772;VARGEM GRANDE;211270401A;13;0,2
2773;VARGEM GRANDE;211270401A;14;11
2774;VARGEM GRANDE;211270401A;15;21,2
2775;VARGEM GRANDE;211270401A;16;0
2776;VARGEM GRANDE;211270401A;17;0
2777;VARGEM GRANDE;211270401A;18;0
2778;VARGEM GRANDE;211270401A;19;0
2779;VARGEM GRANDE;211270401A;20;0
2780;VARGEM GRANDE;211270401A;21;0
2781;VARGEM GRANDE;211270401A;22;0
2782;VARGEM GRANDE;211270401A;23;0
2783;VARGEM GRANDE;211270401A;24;0
2784;VARGEM GRANDE;211270401A;25;0
2785;VARGEM GRANDE;211270401A;26;0
2786;VARGEM GRANDE;211270401A;27;0
2787;VARGEM GRANDE;211270401A;28;0
2788;VARGEM GRANDE;211270401A;29;0
2789;VARGEM GRANDE;211270401A;30;0
2790;VARGEM GRANDE;211270401A;31;0
2791;VIANA;211280301A;1;32,2
2792;VIANA;211280301A;2;0,2
2793;VIANA;211280301A;3;0
2794;VIANA;211280301A;4;1
2795;VIANA;211280301A;5;24,2
2796;VIANA;211280301A;6;43,8
2797;VIANA;211280301A;7;6
2798;VIANA;211280301A;8;6,2
2799;VIANA;211280301A;9;5
2800;VIANA;211280301A;10;0
2801;VIANA;211280301A;11;0
2802;VIANA;211280301A;12;0
2803;VIANA;211280301A;13;0
2804;VIANA;211280301A;14;11,8
2805;VIANA;211280301A;15;18,4
2806;VIANA;211280301A;16;0
2807;VIANA;211280301A;17;18
2808;VIANA;211280301A;18;0
2809;VIANA;211280301A;19;0
2810;VIANA;211280301A;20;2,6
2811;VIANA;211280301A;21;9,2
2812;VIANA;211280301A;22;0
2813;VIANA;211280301A;23;0
2814;VIANA;211280301A;24;0
2815;VIANA;211280301A;25;0
2816;VIANA;211280301A;26;0
2817;VIANA;211280301A;27;0
2818;VIANA;211280301A;28;0
2819;VIANA;211280301A;29;2
2820;VIANA;211280301A;30;0,2
2821;VIANA;211280301A;31;1,8
2822;VITÓRIA DO MEARIM;211290201A;1;0,2
2823;VITÓRIA DO MEARIM;211290201A;2;0
2824;VITÓRIA DO MEARIM;211290201A;3;0
2825;VITÓRIA DO MEARIM;211290201A;4;0
2826;VITÓRIA DO MEARIM;211290201A;5;0
2827;VITÓRIA DO MEARIM;211290201A;6;0
2828;VITÓRIA DO MEARIM;211290201A;7;0
2829;VITÓRIA DO MEARIM;211290201A;8;0,2
2830;VITÓRIA DO MEARIM;211290201A;9;0
2831;VITÓRIA DO MEARIM;211290201A;10;0
2832;VITÓRIA DO MEARIM;211290201A;11;0
2833;VITÓRIA DO MEARIM;211290201A;12;0
2834;VITÓRIA DO MEARIM;211290201A;13;0
2835;VITÓRIA DO MEARIM;211290201A;14;0
2836;VITÓRIA DO MEARIM;211290201A;15;0
2837;VITÓRIA DO MEARIM;211290201A;16;0
2838;VITÓRIA DO MEARIM;211290201A;17;0
2839;VITÓRIA DO MEARIM;211290201A;18;0,2
2840;VITÓRIA DO MEARIM;211290201A;19;0
2841;VITÓRIA DO MEARIM;211290201A;20;0
2842;VITÓRIA DO MEARIM;211290201A;21;0
2843;VITÓRIA DO MEARIM;211290201A;22;0
2844;VITÓRIA DO MEARIM;211290201A;23;0
2845;VITÓRIA DO MEARIM;211290201A;24;0
2846;VITÓRIA DO MEARIM;211290201A;25;0
2847;VITÓRIA DO MEARIM;211290201A;26;0
2848;VITÓRIA DO MEARIM;211290201A;27;0
2849;VITÓRIA DO MEARIM;211290201A;28;0
2850;VITÓRIA DO MEARIM;211290201A;29;0
2851;VITÓRIA DO MEARIM;211290201A;30;0
2852;VITÓRIA DO MEARIM;211290201A;31;0
